t,q1,q2,q3,q4,dq1,dq2,dq3,dq4,q1_des,q2_des,q3_des,q4_des,dq1_des,dq2_des,dq3_des,dq4_des,tau1,tau2,tau3,tau4
0.000000,-0.356794,-1.500185,-1.500006,0.158641,-0.145997,-0.000001,-0.000000,-0.779711,0.000000,-0.500000,0.300000,1.500000,0.785398,0.500000,-0.500000,0.000000,1.410739,9.420483,6.203460,2.715946
0.010000,-0.358254,-1.500185,-1.500006,0.150841,-0.146016,-0.000002,-0.000000,-0.780174,0.007854,-0.495000,0.295000,1.500000,0.785359,0.499975,-0.499975,0.000000,1.434917,9.433489,6.210521,2.720513
0.020000,-0.356998,-1.500303,-1.498502,0.182761,0.322783,0.056459,-0.469159,6.766272,0.015707,-0.490001,0.290001,1.500000,0.785241,0.499900,-0.499900,0.000000,1.206364,8.501174,5.374553,1.938770
0.030000,-0.351116,-1.500082,-1.488863,0.212067,0.784279,0.110603,0.182463,6.939403,0.023558,-0.485002,0.285002,1.500000,0.785045,0.499775,-0.499775,0.000000,0.965504,8.139437,5.094796,1.809666
0.040000,-0.340746,-1.500280,-1.472045,0.242602,1.224747,0.226852,0.537581,7.009942,0.031408,-0.480005,0.280005,1.500000,0.784770,0.499600,-0.499600,0.000000,0.720538,7.853371,4.883736,1.714694
0.050000,-0.326160,-1.500070,-1.450873,0.273587,1.634280,0.273386,0.921972,7.110941,0.039254,-0.475010,0.275010,1.500000,0.784417,0.499375,-0.499375,0.000000,0.478198,7.590121,4.679826,1.619196
0.060000,-0.308234,-1.499580,-1.427018,0.307673,1.919649,0.985907,-0.866689,10.505490,0.047096,-0.470018,0.270018,1.500000,0.783985,0.499100,-0.499100,0.000000,0.288796,7.238075,4.461041,1.339823
0.070000,-0.288226,-1.499615,-1.401845,0.343121,2.073212,0.936908,-0.755359,10.482196,0.054933,-0.465029,0.265029,1.500000,0.783475,0.498776,-0.498776,0.000000,0.169283,7.152980,4.384431,1.298942
0.080000,-0.267215,-1.499736,-1.375735,0.376193,2.123856,0.316821,1.274960,7.070914,0.062765,-0.460043,0.260043,1.500000,0.782886,0.498401,-0.498401,0.000000,0.104240,7.192695,4.367440,1.466199
0.090000,-0.245987,-1.499631,-1.350930,0.414115,2.128101,0.860063,-0.573518,10.378843,0.070590,-0.455061,0.255061,1.500000,0.782219,0.497976,-0.497976,0.000000,0.060154,6.978469,4.235151,1.221893
0.100000,-0.224937,-1.499684,-1.325404,0.449780,2.094454,0.886918,-0.593271,10.268949,0.078409,-0.450083,0.250083,1.500000,0.781474,0.497502,-0.497502,0.000000,0.039055,6.892664,4.173206,1.192653
0.110000,-0.204324,-1.499594,-1.299993,0.485414,2.041819,0.898720,-0.568070,10.167197,0.086220,-0.445111,0.245111,1.500000,0.780651,0.496978,-0.496978,0.000000,0.029249,6.795373,4.100554,1.158195
0.120000,-0.184263,-1.499680,-1.273637,0.518919,1.977962,0.362696,1.336893,6.752431,0.094022,-0.440144,0.240144,1.500000,0.779750,0.496404,-0.496404,0.000000,0.027503,6.820290,4.084340,1.325884
0.130000,-0.164818,-1.499288,-1.246818,0.555221,1.921137,0.973693,-0.438025,9.973455,0.101814,-0.435183,0.235183,1.500000,0.778771,0.495781,-0.495781,0.000000,0.020400,6.517230,3.900703,1.068263
0.140000,-0.145950,-1.499544,-1.218973,0.590406,1.865846,0.190550,1.753894,6.778477,0.109597,-0.430228,0.230228,1.500000,0.777714,0.495108,-0.495108,0.000000,0.017519,6.565885,3.861193,1.207765
0.150000,-0.127662,-1.499789,-1.192473,0.629011,1.804635,0.869215,-0.298309,9.774931,0.117368,-0.425281,0.225281,1.500000,0.776579,0.494386,-0.494386,0.000000,0.020771,6.357782,3.762830,0.996493
0.160000,-0.109950,-1.499516,-1.164783,0.663743,1.745518,1.043234,-0.357089,9.603064,0.125128,-0.420341,0.220341,1.500000,0.775366,0.493614,-0.493614,0.000000,0.020577,6.173131,3.650599,0.953332
0.170000,-0.092786,-1.498998,-1.136912,0.698959,1.696469,0.265125,1.863814,6.459009,0.132876,-0.415409,0.215409,1.500000,0.774076,0.492792,-0.492792,0.000000,0.017173,6.191273,3.587793,1.080428
0.180000,-0.076129,-1.498465,-1.109486,0.735716,1.644189,0.920222,0.002460,9.058226,0.140609,-0.410485,0.210485,1.500000,0.772709,0.491922,-0.491922,0.000000,0.021042,5.975186,3.485996,0.890236
0.190000,-0.059969,-1.498241,-1.081171,0.771537,1.595614,0.250846,1.936629,6.325373,0.148329,-0.405571,0.205571,1.500000,0.771264,0.491002,-0.491002,0.000000,0.019377,5.966074,3.412889,0.991550
0.200000,-0.044288,-1.497845,-1.052714,0.805912,1.547545,0.881156,0.283938,8.358058,0.156035,-0.400665,0.200665,1.500000,0.769742,0.490033,-0.490033,0.000000,0.024254,5.768379,3.328771,0.840828
0.210000,-0.029059,-1.498336,-1.022026,0.842074,1.503138,0.869416,0.280181,9.085646,0.163724,-0.395770,0.195770,1.500000,0.768144,0.489015,-0.489015,0.000000,0.022781,5.546618,3.146202,0.713550
0.220000,-0.014246,-1.498309,-0.990643,0.872246,1.463908,0.227642,2.431797,4.948644,0.171397,-0.390885,0.190885,1.500000,0.766468,0.487949,-0.487949,0.000000,0.021077,5.634929,3.172746,0.938244
0.230000,-0.014246,-1.498309,-0.990643,0.872246,1.463908,0.227642,2.431797,4.948644,0.179053,-0.386011,0.186011,1.500000,0.764716,0.486833,-0.486833,0.000000,0.035762,5.642090,3.174607,0.938436
0.240000,0.000209,-1.499924,-0.955228,0.906861,1.425924,-0.117510,3.288512,4.936106,0.186691,-0.381149,0.181149,1.500000,0.762887,0.485669,-0.485669,0.000000,0.029200,5.411662,2.943563,0.829182
0.250000,0.014239,-1.499010,-0.923047,0.943006,1.389288,0.411273,2.383126,5.585978,0.194311,-0.376298,0.176298,1.500000,0.760982,0.484456,-0.484456,0.000000,0.029341,5.176447,2.833388,0.745902
0.260000,0.027995,-1.497218,-0.890429,0.977589,1.364367,0.411793,2.566596,5.593902,0.201911,-0.371460,0.171460,1.500000,0.759001,0.483195,-0.483195,0.000000,0.022158,4.967193,2.671752,0.670146
0.270000,0.041486,-1.494573,-0.858099,1.014686,1.336629,0.399723,2.781312,5.616586,0.209490,-0.366634,0.166634,1.500000,0.756944,0.481885,-0.481885,0.000000,0.016812,4.747487,2.499230,0.588399
0.280000,0.054712,-1.491852,-0.823295,1.048266,1.310819,0.424111,3.062036,4.950834,0.217049,-0.361822,0.161822,1.500000,0.754811,0.480528,-0.480528,0.000000,0.012166,4.574320,2.379783,0.570213
0.290000,0.067634,-1.489335,-0.785368,1.081336,1.277687,0.148488,4.055416,4.085620,0.224586,-0.357024,0.157024,1.500000,0.752603,0.479122,-0.479122,0.000000,0.007299,4.343571,2.173035,0.525736
0.300000,0.080235,-1.488823,-0.740704,1.122213,1.246405,0.032997,4.673840,4.164727,0.232101,-0.352240,0.152240,1.500000,0.750320,0.477668,-0.477668,0.000000,0.001807,3.996144,1.881498,0.394400
0.310000,0.092540,-1.485590,-0.697895,1.162576,1.217465,1.138967,2.522057,5.382263,0.239592,-0.347471,0.147471,1.500000,0.747961,0.476167,-0.476167,0.000000,0.008689,3.756581,1.844914,0.316552
0.320000,0.104456,-1.480315,-0.653516,1.184023,1.173320,0.486532,4.692996,2.487270,0.247060,-0.342717,0.142717,1.500000,0.745528,0.474618,-0.474618,0.000000,0.006481,3.585481,1.665269,0.405332
0.330000,0.116005,-1.472731,-0.609941,1.207925,1.138162,0.831399,4.457388,1.843383,0.254503,-0.337978,0.137978,1.500000,0.743020,0.473021,-0.473021,0.000000,0.009417,3.367137,1.566139,0.409464
0.340000,0.127210,-1.463519,-0.564741,1.228241,1.105217,0.952201,4.708216,1.732376,0.261920,-0.333256,0.133256,1.500000,0.740438,0.471377,-0.471377,0.000000,0.008766,3.031735,1.329216,0.328038
0.350000,0.138069,-1.452042,-0.519699,1.256004,1.069707,1.227332,4.604208,2.540956,0.269311,-0.328551,0.128551,1.500000,0.737782,0.469686,-0.469686,0.000000,0.009965,2.600754,1.020286,0.164889
0.360000,0.148596,-1.438014,-0.474377,1.284231,1.037980,1.415359,4.810566,2.554907,0.276676,-0.323863,0.123863,1.500000,0.735052,0.467948,-0.467948,0.000000,0.010201,2.210006,0.746135,0.062610
0.370000,0.158786,-1.420639,-0.429832,1.307938,1.002998,1.720581,4.831371,1.771353,0.284012,-0.319192,0.119192,1.500000,0.732248,0.466164,-0.466164,0.000000,0.013349,1.923257,0.593486,0.058542
0.380000,0.168624,-1.400000,-0.385261,1.319509,0.965174,2.135856,4.638304,0.389998,0.291320,-0.314540,0.114540,1.500000,0.729371,0.464332,-0.464332,0.000000,0.018487,1.728163,0.551523,0.139220
0.390000,0.178080,-1.376587,-0.339519,1.319333,0.927362,2.525630,4.475490,-0.098817,0.298599,-0.309906,0.109906,1.500000,0.726422,0.462455,-0.462455,0.000000,0.022958,1.423758,0.400713,0.129310
0.400000,0.187145,-1.347593,-0.299650,1.320649,0.887468,3.135284,3.750894,0.051099,0.305848,-0.305291,0.105291,1.500000,0.723400,0.460530,-0.460530,0.000000,0.029157,1.119311,0.275063,0.090408
0.410000,0.195879,-1.311244,-0.270621,1.330068,0.858410,3.896245,2.562403,0.879918,0.313067,-0.300695,0.100695,1.500000,0.720305,0.458560,-0.458560,0.000000,0.033141,0.817654,0.167485,0.013135
0.420000,0.204349,-1.268854,-0.250054,1.337277,0.834729,4.476248,1.727137,0.602908,0.320254,-0.296120,0.096120,1.500000,0.717138,0.456544,-0.456544,0.000000,0.035593,0.635453,0.161054,0.039261
0.430000,0.212599,-1.222933,-0.234626,1.336908,0.811706,4.710953,1.320422,-0.143835,0.327410,-0.291565,0.091565,1.500000,0.713900,0.454483,-0.454483,0.000000,0.038672,0.558285,0.194285,0.107883
0.440000,0.220590,-1.176066,-0.222001,1.335778,0.783171,4.663178,1.235000,-0.114134,0.334532,-0.287030,0.087030,1.500000,0.710590,0.452376,-0.452376,0.000000,0.043633,0.435405,0.118921,0.085554
0.450000,0.228273,-1.130174,-0.209534,1.338961,0.751484,4.506603,1.332409,0.374738,0.341621,-0.282517,0.082517,1.500000,0.707210,0.450224,-0.450224,0.000000,0.049411,0.255022,-0.037107,0.002377
0.460000,0.235677,-1.086318,-0.195515,1.341820,0.724646,4.304303,1.431243,0.297067,0.348676,-0.278026,0.078026,1.500000,0.703758,0.448026,-0.448026,0.000000,0.054596,0.172937,-0.108642,-0.015060
0.470000,0.242870,-1.044714,-0.181233,1.340068,0.706451,4.079057,1.343849,-0.210081,0.355696,-0.273557,0.073557,1.500000,0.700236,0.445784,-0.445784,0.000000,0.058591,0.230795,-0.059068,0.039595
0.480000,0.249910,-1.005077,-0.169081,1.337422,0.696130,3.867564,1.123256,-0.269728,0.362681,-0.269110,0.069110,1.500000,0.696644,0.443497,-0.443497,0.000000,0.061235,0.284762,-0.020965,0.062141
0.490000,0.256861,-0.967220,-0.159060,1.338655,0.691607,3.688222,0.991965,0.162898,0.369629,-0.264687,0.064687,1.500000,0.692983,0.441166,-0.441166,0.000000,0.062751,0.239299,-0.072559,0.019564
0.500000,0.263772,-0.931202,-0.149198,1.341930,0.688487,3.524798,1.010085,0.353900,0.376540,-0.260287,0.060287,1.500000,0.689252,0.438791,-0.438791,0.000000,0.064027,0.166188,-0.139739,-0.014225
0.510000,0.270634,-0.896968,-0.138776,1.342878,0.681601,3.365008,1.017012,0.080227,0.383414,-0.255911,0.055911,1.500000,0.685452,0.436372,-0.436372,0.000000,0.065919,0.154650,-0.143688,0.005109
0.520000,0.277411,-0.864196,-0.129054,1.341784,0.672409,3.219095,0.909410,-0.125416,0.390249,-0.251560,0.051560,1.500000,0.681584,0.433910,-0.433910,0.000000,0.068095,0.173556,-0.120774,0.030671
0.530000,0.284120,-0.832630,-0.120888,1.342097,0.668087,3.092630,0.781672,0.045389,0.397045,-0.247233,0.047233,1.500000,0.677647,0.431404,-0.431404,0.000000,0.069541,0.151708,-0.138387,0.016974
0.540000,0.290821,-0.802319,-0.113495,1.344377,0.669824,2.970112,0.741190,0.249781,0.403801,-0.242932,0.042932,1.500000,0.673643,0.428854,-0.428854,0.000000,0.070211,0.098965,-0.183797,-0.009989
0.550000,0.297534,-0.773397,-0.105967,1.346056,0.671024,2.839376,0.744499,0.167764,0.410518,-0.238656,0.038656,1.500000,0.669571,0.426262,-0.426262,0.000000,0.070982,0.072938,-0.202156,-0.008952
0.560000,0.304236,-0.745791,-0.098633,1.346115,0.668743,2.710787,0.696524,-0.005171,0.417193,-0.234407,0.034407,1.500000,0.665433,0.423628,-0.423628,0.000000,0.072119,0.078357,-0.191216,0.009057
0.570000,0.310918,-0.719293,-0.092226,1.346335,0.667051,2.598284,0.606495,0.025525,0.423826,-0.230184,0.030184,1.500000,0.661227,0.420950,-0.420950,0.000000,0.073048,0.071386,-0.193116,0.009314
0.580000,0.317601,-0.693824,-0.086625,1.347914,0.668418,2.496839,0.549819,0.172646,0.430417,-0.225988,0.025988,1.500000,0.656956,0.418231,-0.418231,0.000000,0.073521,0.038673,-0.219072,-0.007316
0.590000,0.324300,-0.669443,-0.081195,1.349714,0.670341,2.393256,0.537475,0.185787,0.436965,-0.221819,0.021819,1.500000,0.652619,0.415470,-0.415470,0.000000,0.073900,0.011128,-0.239031,-0.013539
0.600000,0.331007,-0.646148,-0.075848,1.350545,0.670812,2.288169,0.513212,0.077625,0.443469,-0.217679,0.017679,1.500000,0.648217,0.412668,-0.412668,0.000000,0.074379,0.005732,-0.237772,-0.004044
0.610000,0.337716,-0.623814,-0.071021,1.351027,0.670974,2.192289,0.455078,0.047284,0.449929,-0.213566,0.013566,1.500000,0.643750,0.409824,-0.409824,0.000000,0.074744,0.001996,-0.235499,0.000939
0.620000,0.344433,-0.602339,-0.066851,1.352228,0.671964,2.107208,0.401649,0.128666,0.456344,-0.209482,0.009482,1.500000,0.639219,0.406939,-0.406939,0.000000,0.074872,-0.017636,-0.248522,-0.007192
0.630000,0.351160,-0.581725,-0.062995,1.353889,0.673019,2.024054,0.378820,0.172979,0.462713,-0.205428,0.005428,1.500000,0.634623,0.404014,-0.404014,0.000000,0.074922,-0.040984,-0.264706,-0.014470
0.640000,0.357890,-0.561989,-0.059241,1.355112,0.673276,1.939118,0.362189,0.121135,0.469036,-0.201402,0.001402,1.500000,0.629965,0.401048,-0.401048,0.000000,0.075000,-0.051748,-0.268725,-0.011125
0.650000,0.364620,-0.543070,-0.055781,1.355902,0.673139,1.858498,0.325739,0.077204,0.475312,-0.197407,-0.002593,1.500000,0.625243,0.398042,-0.398042,0.000000,0.074999,-0.056042,-0.266841,-0.006019
0.660000,0.371351,-0.524879,-0.052797,1.356962,0.673218,1.786313,0.282577,0.110275,0.481541,-0.193442,-0.006558,1.500000,0.620458,0.394996,-0.394996,0.000000,0.074829,-0.067944,-0.272462,-0.008764
0.670000,0.378082,-0.507388,-0.050154,1.358438,0.673244,1.718235,0.255929,0.153483,0.487721,-0.189507,-0.010493,1.500000,0.615612,0.391911,-0.391911,0.000000,0.074571,-0.085701,-0.283638,-0.014482
0.680000,0.384809,-0.490604,-0.047656,1.359804,0.672659,1.649675,0.240587,0.137995,0.493853,-0.185603,-0.014397,1.500000,0.610704,0.388786,-0.388786,0.000000,0.074323,-0.097942,-0.289481,-0.014569
0.690000,0.391526,-0.474502,-0.045342,1.360831,0.671518,1.582866,0.216991,0.101606,0.499935,-0.181731,-0.018269,1.500000,0.605735,0.385623,-0.385623,0.000000,0.074054,-0.103668,-0.289230,-0.011020
0.700000,0.398232,-0.459018,-0.043355,1.361879,0.670248,1.521765,0.184787,0.106724,0.505967,-0.177891,-0.022109,1.500000,0.600706,0.382421,-0.382421,0.000000,0.073683,-0.111630,-0.291324,-0.011050
0.710000,0.404925,-0.444111,-0.041673,1.363206,0.668919,1.465196,0.159184,0.137020,0.511949,-0.174083,-0.025917,1.500000,0.595616,0.379181,-0.379181,0.000000,0.073222,-0.124495,-0.298212,-0.014647
0.720000,0.411602,-0.429778,-0.040160,1.364581,0.667230,1.409476,0.143721,0.139781,0.517880,-0.170308,-0.029692,1.500000,0.590467,0.375903,-0.375903,0.000000,0.072745,-0.135984,-0.303819,-0.016125
0.730000,0.418258,-0.416006,-0.038787,1.365747,0.665051,1.354539,0.127081,0.116572,0.523758,-0.166565,-0.033435,1.500000,0.585259,0.372587,-0.372587,0.000000,0.072264,-0.142695,-0.304948,-0.014280
0.740000,0.424892,-0.402757,-0.037634,1.366832,0.662570,1.303129,0.103903,0.109356,0.529584,-0.162856,-0.037144,1.500000,0.579992,0.369234,-0.369234,0.000000,0.071736,-0.148887,-0.305736,-0.013347
0.750000,0.431500,-0.389990,-0.036728,1.368063,0.659943,1.255695,0.081868,0.125918,0.535358,-0.159181,-0.040819,1.500000,0.574667,0.365844,-0.365844,0.000000,0.071145,-0.158166,-0.309618,-0.015189
0.760000,0.438080,-0.377692,-0.035993,1.369386,0.657080,1.209939,0.066806,0.134786,0.541078,-0.155539,-0.044461,1.500000,0.569285,0.362418,-0.362418,0.000000,0.070524,-0.167966,-0.314092,-0.016866
0.770000,0.444630,-0.365857,-0.035378,1.370610,0.653862,1.164830,0.053834,0.123074,0.546743,-0.151932,-0.048068,1.500000,0.563846,0.358955,-0.358955,0.000000,0.069901,-0.174926,-0.315938,-0.016276
0.780000,0.451146,-0.354459,-0.034917,1.371734,0.650340,1.121823,0.037213,0.112920,0.552354,-0.148360,-0.051640,1.500000,0.558350,0.355457,-0.355457,0.000000,0.069257,-0.180385,-0.316465,-0.015301
0.790000,0.457625,-0.343467,-0.034644,1.372908,0.646628,1.081893,0.019495,0.119267,0.557910,-0.144823,-0.055177,1.500000,0.552799,0.351923,-0.351923,0.000000,0.068574,-0.187303,-0.318521,-0.016007
0.800000,0.464067,-0.332863,-0.034527,1.374164,0.642731,1.043926,0.005715,0.127810,0.563410,-0.141322,-0.058678,1.500000,0.547192,0.348353,-0.348353,0.000000,0.067864,-0.195272,-0.321697,-0.017352
0.810000,0.470468,-0.322640,-0.034518,1.375390,0.638578,1.006759,-0.005124,0.123665,0.568854,-0.137856,-0.062144,1.500000,0.541531,0.344749,-0.344749,0.000000,0.067147,-0.201888,-0.323673,-0.017477
0.820000,0.476826,-0.312782,-0.034622,1.376534,0.634168,0.970898,-0.017284,0.114986,0.574241,-0.134427,-0.065573,1.500000,0.535815,0.341111,-0.341111,0.000000,0.066424,-0.206984,-0.324291,-0.016813
0.830000,0.483139,-0.303266,-0.034866,1.377674,0.629567,0.937249,-0.030945,0.115314,0.579570,-0.131034,-0.068966,1.500000,0.530046,0.337438,-0.337438,0.000000,0.065678,-0.212446,-0.325372,-0.016928
0.840000,0.489405,-0.294074,-0.035240,1.378868,0.624809,0.905469,-0.042815,0.121097,0.584841,-0.127678,-0.072322,1.500000,0.524224,0.333731,-0.333731,0.000000,0.064911,-0.218826,-0.327442,-0.017815
0.850000,0.495622,-0.285198,-0.035712,1.380064,0.619865,0.874645,-0.052093,0.120847,0.590054,-0.124360,-0.075640,1.500000,0.518350,0.329992,-0.329992,0.000000,0.064136,-0.224763,-0.329186,-0.018235
0.860000,0.501789,-0.276627,-0.036272,1.381206,0.614719,0.844742,-0.061265,0.114931,0.595208,-0.121079,-0.078921,1.500000,0.512423,0.326219,-0.326219,0.000000,0.063358,-0.229551,-0.329915,-0.017926
0.870000,0.507904,-0.268344,-0.036933,1.382322,0.609401,0.816374,-0.071547,0.112541,0.600303,-0.117836,-0.082164,1.500000,0.506446,0.322413,-0.322413,0.000000,0.062569,-0.234130,-0.330538,-0.017818
0.880000,0.513965,-0.260334,-0.037699,1.383462,0.603946,0.789595,-0.081261,0.115364,0.605337,-0.114631,-0.085369,1.500000,0.500417,0.318576,-0.318576,0.000000,0.061766,-0.239279,-0.331803,-0.018319
0.890000,0.519970,-0.252587,-0.038550,1.384614,0.598351,0.763825,-0.089122,0.116472,0.610311,-0.111464,-0.088536,1.500000,0.494339,0.314706,-0.314706,0.000000,0.060954,-0.244429,-0.333162,-0.018779
0.900000,0.525919,-0.245095,-0.039471,1.385736,0.592601,0.738809,-0.096227,0.113048,0.615224,-0.108337,-0.091663,1.500000,0.488211,0.310805,-0.310805,0.000000,0.060140,-0.248857,-0.333908,-0.018735
0.910000,0.531810,-0.237847,-0.040466,1.386828,0.586708,0.714864,-0.103865,0.109991,0.620075,-0.105248,-0.094752,1.500000,0.482035,0.306873,-0.306873,0.000000,0.059322,-0.252872,-0.334338,-0.018606
0.920000,0.537641,-0.230829,-0.041542,1.387923,0.580696,0.692177,-0.111476,0.110594,0.624864,-0.102199,-0.097801,1.500000,0.475810,0.302910,-0.302910,0.000000,0.058494,-0.257126,-0.335079,-0.018848
0.930000,0.543411,-0.224033,-0.042687,1.389028,0.574574,0.670452,-0.117943,0.111677,0.629591,-0.099190,-0.100810,1.500000,0.469538,0.298917,-0.298917,0.000000,0.057659,-0.261525,-0.336040,-0.019230
0.940000,0.549119,-0.217452,-0.043890,1.390119,0.568334,0.649402,-0.123505,0.109946,0.634255,-0.096221,-0.103779,1.500000,0.463218,0.294894,-0.294894,0.000000,0.056822,-0.265541,-0.336708,-0.019337
0.950000,0.554765,-0.211077,-0.045147,1.391183,0.561979,0.629129,-0.129130,0.107223,0.638855,-0.093292,-0.106708,1.500000,0.456853,0.290842,-0.290842,0.000000,0.055983,-0.269148,-0.337051,-0.019268
0.960000,0.560346,-0.204898,-0.046464,1.392239,0.555524,0.609814,-0.134863,0.106520,0.643392,-0.090404,-0.109596,1.500000,0.450442,0.286760,-0.286760,0.000000,0.055139,-0.272768,-0.337476,-0.019370
0.970000,0.565863,-0.198907,-0.047835,1.393299,0.548979,0.591347,-0.139967,0.107041,0.647864,-0.087557,-0.112443,1.500000,0.443985,0.282650,-0.282650,0.000000,0.054290,-0.276522,-0.338100,-0.019644
0.980000,0.571313,-0.193099,-0.049252,1.394352,0.542344,0.573498,-0.144276,0.106223,0.652271,-0.084751,-0.115249,1.500000,0.437484,0.278511,-0.278511,0.000000,0.053438,-0.280109,-0.338630,-0.019811
0.990000,0.576697,-0.187465,-0.050710,1.395386,0.535617,0.556246,-0.148362,0.104149,0.656613,-0.081987,-0.118013,1.500000,0.430940,0.274345,-0.274345,0.000000,0.052586,-0.283378,-0.338914,-0.019812
1.000000,0.582013,-0.182000,-0.052209,1.396407,0.528807,0.539713,-0.152505,0.102878,0.660890,-0.079265,-0.120735,1.500000,0.424352,0.270151,-0.270151,0.000000,0.051730,-0.286541,-0.339155,-0.019857
1.010000,0.587260,-0.176695,-0.053750,1.397426,0.521924,0.523887,-0.156329,0.102788,0.665100,-0.076584,-0.123416,1.500000,0.417722,0.265930,-0.265930,0.000000,0.050871,-0.289775,-0.339523,-0.020037
1.020000,0.592438,-0.171546,-0.055325,1.398440,0.514969,0.508616,-0.159551,0.102329,0.669244,-0.073946,-0.126054,1.500000,0.411051,0.261683,-0.261683,0.000000,0.050010,-0.292952,-0.339896,-0.020206
1.030000,0.597547,-0.166547,-0.056929,1.399441,0.507942,0.493830,-0.162431,0.100864,0.673321,-0.071351,-0.128649,1.500000,0.404338,0.257409,-0.257409,0.000000,0.049148,-0.295915,-0.340115,-0.020260
1.040000,0.602585,-0.161693,-0.058562,1.400428,0.500848,0.479587,-0.165267,0.099492,0.677331,-0.068798,-0.131202,1.500000,0.397584,0.253110,-0.253110,0.000000,0.048284,-0.298735,-0.340247,-0.020293
1.050000,0.607551,-0.156978,-0.060224,1.401410,0.493692,0.465911,-0.167935,0.098958,0.681273,-0.066288,-0.133712,1.500000,0.390791,0.248786,-0.248786,0.000000,0.047419,-0.301559,-0.340435,-0.020407
1.060000,0.612446,-0.152396,-0.061910,1.402387,0.486480,0.452719,-0.170187,0.098550,0.685146,-0.063822,-0.136178,1.500000,0.383959,0.244436,-0.244436,0.000000,0.046552,-0.304369,-0.340658,-0.020552
1.070000,0.617268,-0.147945,-0.063615,1.403354,0.479210,0.439932,-0.172084,0.097524,0.688952,-0.061400,-0.138600,1.500000,0.377089,0.240062,-0.240062,0.000000,0.045684,-0.307048,-0.340803,-0.020633
1.080000,0.622017,-0.143619,-0.065339,1.404310,0.471886,0.427565,-0.173855,0.096284,0.692688,-0.059021,-0.140979,1.500000,0.370180,0.235664,-0.235664,0.000000,0.044815,-0.309591,-0.340861,-0.020672
1.090000,0.626693,-0.139414,-0.067081,1.405257,0.464512,0.415644,-0.175512,0.095512,0.696355,-0.056687,-0.143313,1.500000,0.363235,0.231243,-0.231243,0.000000,0.043945,-0.312095,-0.340924,-0.020748
1.100000,0.631295,-0.135325,-0.068838,1.406199,0.457090,0.404130,-0.176893,0.095036,0.699953,-0.054396,-0.145604,1.500000,0.356254,0.226798,-0.226798,0.000000,0.043074,-0.314589,-0.341021,-0.020862
1.110000,0.635822,-0.131350,-0.070607,1.407135,0.449624,0.392960,-0.177963,0.094276,0.703480,-0.052151,-0.147849,1.500000,0.349236,0.222331,-0.222331,0.000000,0.042202,-0.317006,-0.341086,-0.020950
1.120000,0.640275,-0.127485,-0.072385,1.408060,0.442113,0.382121,-0.178861,0.093244,0.706937,-0.049950,-0.150050,1.500000,0.342184,0.217841,-0.217841,0.000000,0.041329,-0.319314,-0.341085,-0.020999
1.130000,0.644652,-0.123727,-0.074172,1.408976,0.434561,0.371630,-0.179654,0.092404,0.710324,-0.047794,-0.152206,1.500000,0.335098,0.213330,-0.213330,0.000000,0.040457,-0.321561,-0.341062,-0.021055
1.140000,0.648954,-0.120071,-0.075966,1.409887,0.426970,0.361473,-0.180259,0.091848,0.713639,-0.045683,-0.154317,1.500000,0.327978,0.208797,-0.208797,0.000000,0.039583,-0.323789,-0.341059,-0.021141
1.150000,0.653179,-0.116515,-0.077765,1.410792,0.419343,0.351606,-0.180616,0.091229,0.716883,-0.043618,-0.156382,1.500000,0.320825,0.204244,-0.204244,0.000000,0.038709,-0.325970,-0.341047,-0.021223
1.160000,0.657328,-0.113056,-0.079566,1.411689,0.411680,0.342006,-0.180788,0.090395,0.720055,-0.041598,-0.158402,1.500000,0.313641,0.199670,-0.199670,0.000000,0.037835,-0.328070,-0.340992,-0.021278
1.170000,0.661400,-0.109692,-0.081368,1.412578,0.403984,0.332677,-0.180848,0.089594,0.723156,-0.039625,-0.160375,1.500000,0.306424,0.195076,-0.195076,0.000000,0.036960,-0.330105,-0.340907,-0.021325
1.180000,0.665395,-0.106419,-0.083171,1.413460,0.396255,0.323618,-0.180772,0.088997,0.726184,-0.037697,-0.162303,1.500000,0.299178,0.190462,-0.190462,0.000000,0.036085,-0.332110,-0.340826,-0.021390
1.190000,0.669313,-0.103236,-0.084971,1.414337,0.388497,0.314800,-0.180505,0.088447,0.729139,-0.035816,-0.164184,1.500000,0.291901,0.185830,-0.185830,0.000000,0.035210,-0.334081,-0.340745,-0.021460
1.200000,0.673153,-0.100139,-0.086768,1.415208,0.380711,0.306200,-0.180064,0.087773,0.732022,-0.033980,-0.166020,1.500000,0.284595,0.181179,-0.181179,0.000000,0.034335,-0.335993,-0.340639,-0.021515
1.210000,0.676915,-0.097128,-0.088560,1.416072,0.372896,0.297814,-0.179506,0.087061,0.734831,-0.032192,-0.167808,1.500000,0.277261,0.176510,-0.176510,0.000000,0.033460,-0.337846,-0.340505,-0.021558
1.220000,0.680598,-0.094199,-0.090346,1.416929,0.365056,0.289642,-0.178836,0.086469,0.737567,-0.030450,-0.169550,1.500000,0.269899,0.171823,-0.171823,0.000000,0.032585,-0.339662,-0.340365,-0.021608
1.230000,0.684203,-0.091350,-0.092124,1.417782,0.357192,0.281668,-0.178021,0.085960,0.740229,-0.028756,-0.171244,1.500000,0.262510,0.167119,-0.167119,0.000000,0.031710,-0.341448,-0.340225,-0.021665
1.240000,0.687730,-0.088580,-0.093893,1.418629,0.349304,0.273873,-0.177054,0.085403,0.742817,-0.027108,-0.172892,1.500000,0.255094,0.162398,-0.162398,0.000000,0.030835,-0.343190,-0.340071,-0.021716
1.250000,0.691177,-0.085887,-0.095652,1.419470,0.341394,0.266247,-0.175971,0.084796,0.745331,-0.025508,-0.174492,1.500000,0.247654,0.157661,-0.157661,0.000000,0.029961,-0.344882,-0.339896,-0.021756
1.260000,0.694545,-0.083270,-0.097400,1.420305,0.333463,0.258791,-0.174789,0.084244,0.747770,-0.023955,-0.176045,1.500000,0.240188,0.152908,-0.152908,0.000000,0.029087,-0.346534,-0.339708,-0.021796
1.270000,0.697834,-0.080726,-0.099135,1.421136,0.325513,0.251494,-0.173494,0.083772,0.750134,-0.022450,-0.177550,1.500000,0.232698,0.148140,-0.148140,0.000000,0.028213,-0.348156,-0.339519,-0.021841
1.280000,0.701043,-0.078254,-0.100857,1.421962,0.317544,0.244344,-0.172071,0.083301,0.752424,-0.020992,-0.179008,1.500000,0.225186,0.143358,-0.143358,0.000000,0.027339,-0.349744,-0.339322,-0.021885
1.290000,0.704173,-0.075853,-0.102564,1.422783,0.309558,0.237330,-0.170539,0.082793,0.754638,-0.019582,-0.180418,1.500000,0.217650,0.138560,-0.138560,0.000000,0.026466,-0.351290,-0.339110,-0.021921
1.300000,0.707222,-0.073521,-0.104255,1.423599,0.301555,0.230448,-0.168917,0.082304,0.756777,-0.018221,-0.181779,1.500000,0.210093,0.133749,-0.133749,0.000000,0.025594,-0.352797,-0.338885,-0.021954
1.310000,0.710192,-0.071257,-0.105930,1.424411,0.293536,0.223696,-0.167201,0.081873,0.758840,-0.016908,-0.183092,1.500000,0.202515,0.128925,-0.128925,0.000000,0.024722,-0.354274,-0.338655,-0.021989
1.320000,0.713081,-0.069060,-0.107586,1.425219,0.285503,0.217061,-0.165381,0.081468,0.760827,-0.015642,-0.184358,1.500000,0.194917,0.124088,-0.124088,0.000000,0.023850,-0.355721,-0.338420,-0.022025
1.330000,0.715889,-0.066929,-0.109225,1.426023,0.277457,0.210536,-0.163462,0.081047,0.762738,-0.014426,-0.185574,1.500000,0.187299,0.119238,-0.119238,0.000000,0.022980,-0.357132,-0.338174,-0.022057
1.340000,0.718618,-0.064862,-0.110843,1.426822,0.269397,0.204116,-0.161460,0.080628,0.764573,-0.013258,-0.186742,1.500000,0.179662,0.114376,-0.114376,0.000000,0.022110,-0.358508,-0.337916,-0.022084
1.350000,0.721265,-0.062859,-0.112441,1.427618,0.261326,0.197798,-0.159379,0.080248,0.766331,-0.012138,-0.187862,1.500000,0.172007,0.109503,-0.109503,0.000000,0.021241,-0.359854,-0.337653,-0.022111
1.360000,0.723832,-0.060919,-0.114018,1.428411,0.253244,0.191576,-0.157211,0.079898,0.768013,-0.011068,-0.188932,1.500000,0.164336,0.104619,-0.104619,0.000000,0.020373,-0.361171,-0.337384,-0.022140
1.370000,0.726318,-0.059040,-0.115572,1.429199,0.245152,0.185441,-0.154957,0.079550,0.769618,-0.010046,-0.189954,1.500000,0.156647,0.099725,-0.099725,0.000000,0.019506,-0.362458,-0.337108,-0.022165
1.380000,0.728723,-0.057222,-0.117104,1.429985,0.237050,0.179390,-0.152627,0.079201,0.771146,-0.009073,-0.190927,1.500000,0.148944,0.094820,-0.094820,0.000000,0.018639,-0.363712,-0.336823,-0.022188
1.390000,0.731047,-0.055465,-0.118612,1.430767,0.228941,0.173419,-0.150227,0.078874,0.772597,-0.008150,-0.191850,1.500000,0.141225,0.089906,-0.089906,0.000000,0.017774,-0.364937,-0.336530,-0.022209
1.400000,0.733290,-0.053766,-0.120096,1.431546,0.220823,0.167524,-0.147755,0.078577,0.773970,-0.007275,-0.192725,1.500000,0.133492,0.084984,-0.084984,0.000000,0.016910,-0.366134,-0.336233,-0.022230
1.410000,0.735451,-0.052126,-0.121555,1.432323,0.212699,0.161700,-0.145209,0.078290,0.775267,-0.006450,-0.193550,1.500000,0.125746,0.080052,-0.080052,0.000000,0.016048,-0.367304,-0.335930,-0.022250
1.420000,0.737532,-0.050544,-0.122987,1.433096,0.204568,0.155942,-0.142595,0.078005,0.776485,-0.005674,-0.194326,1.500000,0.117987,0.075113,-0.075113,0.000000,0.015186,-0.368444,-0.335620,-0.022267
1.430000,0.739531,-0.049019,-0.124394,1.433867,0.196433,0.150248,-0.139918,0.077733,0.777626,-0.004948,-0.195052,1.500000,0.110216,0.070166,-0.070166,0.000000,0.014326,-0.369556,-0.335302,-0.022283
1.440000,0.741448,-0.047550,-0.125773,1.434635,0.188293,0.144614,-0.137180,0.077484,0.778690,-0.004271,-0.195729,1.500000,0.102435,0.065212,-0.065212,0.000000,0.013467,-0.370641,-0.334980,-0.022298
1.450000,0.743284,-0.046138,-0.127125,1.435402,0.180149,0.139037,-0.134378,0.077251,0.779675,-0.003644,-0.196356,1.500000,0.094643,0.060251,-0.060251,0.000000,0.012610,-0.371700,-0.334653,-0.022312
1.460000,0.745039,-0.044781,-0.128448,1.436165,0.172003,0.133512,-0.131517,0.077023,0.780582,-0.003066,-0.196934,1.500000,0.086841,0.055285,-0.055285,0.000000,0.011755,-0.372732,-0.334321,-0.022325
1.470000,0.746713,-0.043479,-0.129743,1.436927,0.163854,0.128038,-0.128600,0.076804,0.781412,-0.002538,-0.197462,1.500000,0.079031,0.050313,-0.050313,0.000000,0.010900,-0.373736,-0.333982,-0.022335
1.480000,0.748304,-0.042231,-0.131008,1.437687,0.155703,0.122611,-0.125629,0.076601,0.782163,-0.002060,-0.197940,1.500000,0.071213,0.045336,-0.045336,0.000000,0.010048,-0.374715,-0.333638,-0.022345
1.490000,0.749815,-0.041037,-0.132243,1.438445,0.147552,0.117229,-0.122604,0.076415,0.782836,-0.001631,-0.198369,1.500000,0.063388,0.040354,-0.040354,0.000000,0.009197,-0.375668,-0.333290,-0.022355
1.500000,0.751244,-0.039897,-0.133447,1.439201,0.139401,0.111890,-0.119527,0.076236,0.783431,-0.001253,-0.198747,1.500000,0.055557,0.035369,-0.035369,0.000000,0.008348,-0.376596,-0.332937,-0.022363
1.510000,0.752591,-0.038810,-0.134621,1.439955,0.131251,0.106590,-0.116401,0.076065,0.783947,-0.000924,-0.199076,1.500000,0.047720,0.030379,-0.030379,0.000000,0.007501,-0.377497,-0.332579,-0.022369
1.520000,0.753857,-0.037776,-0.135763,1.440708,0.123102,0.101328,-0.113227,0.075906,0.784385,-0.000645,-0.199355,1.500000,0.039878,0.025387,-0.025387,0.000000,0.006656,-0.378373,-0.332216,-0.022374
1.530000,0.755041,-0.036794,-0.136873,1.441460,0.114955,0.096101,-0.110007,0.075761,0.784745,-0.000416,-0.199584,1.500000,0.032032,0.020393,-0.020393,0.000000,0.005813,-0.379225,-0.331849,-0.022379
1.540000,0.756144,-0.035864,-0.137951,1.442210,0.106811,0.090909,-0.106742,0.075626,0.785026,-0.000237,-0.199763,1.500000,0.024184,0.015396,-0.015396,0.000000,0.004972,-0.380052,-0.331478,-0.022383
1.550000,0.757166,-0.034986,-0.138996,1.442959,0.098671,0.085748,-0.103433,0.075497,0.785228,-0.000108,-0.199892,1.500000,0.016332,0.010397,-0.010397,0.000000,0.004133,-0.380853,-0.331103,-0.022385
1.560000,0.758106,-0.034159,-0.140007,1.443707,0.090535,0.080617,-0.100083,0.075378,0.785352,-0.000029,-0.199971,1.500000,0.008479,0.005398,-0.005398,0.000000,0.003297,-0.381630,-0.330723,-0.022387
1.570000,0.758965,-0.033384,-0.140985,1.444454,0.082405,0.075514,-0.096692,0.075270,0.785398,-0.000000,-0.200000,1.500000,0.000625,0.000398,-0.000398,0.000000,0.002462,-0.382383,-0.330340,-0.022387
1.580000,0.759742,-0.032659,-0.141929,1.445199,0.074280,0.070439,-0.093262,0.075171,0.785365,-0.000021,-0.199979,1.500000,-0.007228,-0.004602,0.004602,0.000000,0.001630,-0.383111,-0.329953,-0.022387
1.590000,0.760439,-0.031985,-0.142838,1.445944,0.066161,0.065389,-0.089795,0.075080,0.785253,-0.000092,-0.199908,1.500000,-0.015082,-0.009601,0.009601,0.000000,0.000801,-0.383815,-0.329562,-0.022386
1.600000,0.761054,-0.031361,-0.143713,1.446689,0.058050,0.060363,-0.086291,0.074995,0.785063,-0.000213,-0.199787,1.500000,-0.022933,-0.014600,0.014600,0.000000,-0.000027,-0.384495,-0.329167,-0.022384
1.610000,0.761588,-0.030787,-0.144552,1.447432,0.049946,0.055360,-0.082752,0.074920,0.784795,-0.000384,-0.199616,1.500000,-0.030783,-0.019597,0.019597,0.000000,-0.000851,-0.385151,-0.328769,-0.022381
1.620000,0.762041,-0.030263,-0.145356,1.448175,0.041852,0.050379,-0.079179,0.074853,0.784448,-0.000605,-0.199395,1.500000,-0.038629,-0.024592,0.024592,0.000000,-0.001673,-0.385783,-0.328368,-0.022378
1.630000,0.762413,-0.029789,-0.146124,1.448917,0.033766,0.045419,-0.075573,0.074792,0.784022,-0.000876,-0.199124,1.500000,-0.046471,-0.029585,0.029585,0.000000,-0.002493,-0.386391,-0.327963,-0.022374
1.640000,0.762705,-0.029364,-0.146856,1.449659,0.025691,0.040478,-0.071935,0.074738,0.783518,-0.001197,-0.198803,1.500000,-0.054309,-0.034574,0.034574,0.000000,-0.003309,-0.386976,-0.327555,-0.022369
1.650000,0.762916,-0.028989,-0.147551,1.450400,0.017626,0.035556,-0.068267,0.074691,0.782936,-0.001567,-0.198433,1.500000,-0.062141,-0.039560,0.039560,0.000000,-0.004123,-0.387536,-0.327144,-0.022363
1.660000,0.763046,-0.028662,-0.148209,1.451141,0.009572,0.030652,-0.064570,0.074650,0.782275,-0.001988,-0.198012,1.500000,-0.069968,-0.044543,0.044543,0.000000,-0.004934,-0.388073,-0.326730,-0.022356
1.670000,0.763096,-0.028385,-0.148831,1.451882,0.001531,0.025766,-0.060844,0.074616,0.781537,-0.002458,-0.197542,1.500000,-0.077787,-0.049521,0.049521,0.000000,-0.005742,-0.388587,-0.326313,-0.022350
1.680000,0.763065,-0.028156,-0.149415,1.452623,-0.006497,0.020895,-0.057091,0.074586,0.780720,-0.002978,-0.197022,1.500000,-0.085598,-0.054493,0.054493,0.000000,-0.006547,-0.389077,-0.325893,-0.022342
1.690000,0.762955,-0.027976,-0.149961,1.453363,-0.014512,0.016040,-0.053312,0.074562,0.779825,-0.003548,-0.196452,1.500000,-0.093401,-0.059461,0.059461,0.000000,-0.007349,-0.389543,-0.325471,-0.022334
1.700000,0.762764,-0.027844,-0.150470,1.454103,-0.022512,0.011201,-0.049507,0.074544,0.778852,-0.004168,-0.195832,1.500000,-0.101194,-0.064422,0.064422,0.000000,-0.008147,-0.389986,-0.325045,-0.022325
1.710000,0.762493,-0.027761,-0.150940,1.454843,-0.030498,0.006376,-0.045679,0.074530,0.777801,-0.004837,-0.195163,1.500000,-0.108978,-0.069377,0.069377,0.000000,-0.008943,-0.390406,-0.324618,-0.022316
1.720000,0.762143,-0.027725,-0.151372,1.455584,-0.038468,0.001565,-0.041826,0.074521,0.776672,-0.005555,-0.194445,1.500000,-0.116750,-0.074325,0.074325,0.000000,-0.009735,-0.390802,-0.324187,-0.022306
1.730000,0.761712,-0.027738,-0.151765,1.456324,-0.046421,-0.003232,-0.037951,0.074516,0.775466,-0.006323,-0.193677,1.500000,-0.124511,-0.079266,0.079266,0.000000,-0.010524,-0.391175,-0.323754,-0.022296
1.740000,0.761203,-0.027799,-0.152120,1.457064,-0.054358,-0.008017,-0.034055,0.074515,0.774182,-0.007140,-0.192860,1.500000,-0.132259,-0.084199,0.084199,0.000000,-0.011310,-0.391524,-0.323319,-0.022285
1.750000,0.760614,-0.027907,-0.152435,1.457804,-0.062276,-0.012788,-0.030137,0.074518,0.772821,-0.008007,-0.191993,1.500000,-0.139994,-0.089123,0.089123,0.000000,-0.012092,-0.391850,-0.322882,-0.022274
1.760000,0.759946,-0.028063,-0.152712,1.458545,-0.070176,-0.017547,-0.026200,0.074524,0.771382,-0.008923,-0.191077,1.500000,-0.147715,-0.094038,0.094038,0.000000,-0.012871,-0.392153,-0.322442,-0.022263
1.770000,0.759200,-0.028266,-0.152949,1.459285,-0.078057,-0.022293,-0.022244,0.074533,0.769867,-0.009888,-0.190112,1.500000,-0.155422,-0.098944,0.098944,0.000000,-0.013646,-0.392432,-0.322000,-0.022251
1.780000,0.758374,-0.028517,-0.153146,1.460026,-0.085918,-0.027028,-0.018269,0.074545,0.768274,-0.010902,-0.189098,1.500000,-0.163112,-0.103841,0.103841,0.000000,-0.014417,-0.392689,-0.321556,-0.022239
1.790000,0.757470,-0.028815,-0.153303,1.460767,-0.093759,-0.031751,-0.014277,0.074559,0.766604,-0.011965,-0.188035,1.500000,-0.170787,-0.108726,0.108726,0.000000,-0.015185,-0.392922,-0.321110,-0.022226
1.800000,0.756488,-0.029160,-0.153421,1.461508,-0.101578,-0.036462,-0.010268,0.074576,0.764858,-0.013076,-0.186924,1.500000,-0.178444,-0.113601,0.113601,0.000000,-0.015949,-0.393131,-0.320662,-0.022213
1.810000,0.755428,-0.029552,-0.153498,1.462250,-0.109375,-0.041163,-0.006244,0.074595,0.763035,-0.014237,-0.185763,1.500000,-0.186084,-0.118465,0.118465,0.000000,-0.016710,-0.393318,-0.320212,-0.022200
1.820000,0.754290,-0.029991,-0.153535,1.462991,-0.117149,-0.045851,-0.002204,0.074616,0.761137,-0.015445,-0.184555,1.500000,-0.193705,-0.123316,0.123316,0.000000,-0.017466,-0.393481,-0.319761,-0.022187
1.830000,0.753074,-0.030477,-0.153532,1.463733,-0.124900,-0.050529,0.001850,0.074638,0.759161,-0.016703,-0.183297,1.500000,-0.201306,-0.128155,0.128155,0.000000,-0.018219,-0.393621,-0.319307,-0.022174
1.840000,0.751781,-0.031009,-0.153488,1.464476,-0.132627,-0.055195,0.005918,0.074662,0.757110,-0.018009,-0.181991,1.500000,-0.208888,-0.132982,0.132982,0.000000,-0.018967,-0.393738,-0.318852,-0.022160
1.850000,0.750411,-0.031588,-0.153403,1.465218,-0.140330,-0.059850,0.009999,0.074687,0.754984,-0.019362,-0.180638,1.500000,-0.216448,-0.137795,0.137795,0.000000,-0.019712,-0.393832,-0.318396,-0.022146
1.860000,0.748964,-0.032214,-0.153278,1.465961,-0.148006,-0.064495,0.014092,0.074712,0.752782,-0.020764,-0.179236,1.500000,-0.223987,-0.142595,0.142595,0.000000,-0.020453,-0.393902,-0.317938,-0.022132
1.870000,0.747440,-0.032885,-0.153112,1.466705,-0.155657,-0.069128,0.018197,0.074738,0.750504,-0.022214,-0.177786,1.500000,-0.231503,-0.147380,0.147380,0.000000,-0.021189,-0.393949,-0.317478,-0.022118
1.880000,0.745840,-0.033603,-0.152904,1.467448,-0.163281,-0.073750,0.022313,0.074765,0.748152,-0.023712,-0.176288,1.500000,-0.238997,-0.152150,0.152150,0.000000,-0.021921,-0.393973,-0.317017,-0.022104
1.890000,0.744164,-0.034368,-0.152656,1.468193,-0.170877,-0.078360,0.026439,0.074791,0.745724,-0.025257,-0.174743,1.500000,-0.246466,-0.156905,0.156905,0.000000,-0.022649,-0.393974,-0.316555,-0.022089
1.900000,0.742412,-0.035178,-0.152366,1.468937,-0.178445,-0.082960,0.030575,0.074818,0.743222,-0.026850,-0.173150,1.500000,-0.253911,-0.161645,0.161645,0.000000,-0.023373,-0.393951,-0.316092,-0.022075
1.910000,0.740585,-0.036034,-0.152035,1.469682,-0.185984,-0.087548,0.034719,0.074844,0.740646,-0.028490,-0.171510,1.500000,-0.261330,-0.166368,0.166368,0.000000,-0.024093,-0.393905,-0.315627,-0.022061
1.920000,0.738682,-0.036936,-0.151662,1.470427,-0.193494,-0.092124,0.038872,0.074869,0.737996,-0.030177,-0.169823,1.500000,-0.268724,-0.171075,0.171075,0.000000,-0.024808,-0.393836,-0.315161,-0.022046
1.930000,0.736704,-0.037883,-0.151248,1.471172,-0.200973,-0.096689,0.043033,0.074894,0.735272,-0.031911,-0.168089,1.500000,-0.276090,-0.175764,0.175764,0.000000,-0.025519,-0.393744,-0.314694,-0.022032
1.940000,0.734652,-0.038876,-0.150792,1.471918,-0.208421,-0.101242,0.047201,0.074917,0.732474,-0.033692,-0.166308,1.500000,-0.283429,-0.180436,0.180436,0.000000,-0.026225,-0.393628,-0.314226,-0.022018
1.950000,0.732526,-0.039915,-0.150295,1.472664,-0.215838,-0.105784,0.051375,0.074940,0.729603,-0.035520,-0.164480,1.500000,-0.290739,-0.185090,0.185090,0.000000,-0.026927,-0.393489,-0.313757,-0.022003
1.960000,0.730325,-0.040998,-0.149755,1.473410,-0.223223,-0.110313,0.055555,0.074961,0.726659,-0.037394,-0.162606,1.500000,-0.298021,-0.189726,0.189726,0.000000,-0.027624,-0.393327,-0.313287,-0.021989
1.970000,0.728051,-0.042127,-0.149175,1.474157,-0.230574,-0.114829,0.059740,0.074980,0.723643,-0.039315,-0.160685,1.500000,-0.305272,-0.194342,0.194342,0.000000,-0.028317,-0.393142,-0.312817,-0.021975
1.980000,0.725704,-0.043301,-0.148552,1.474904,-0.237892,-0.119334,0.063930,0.074997,0.720554,-0.041281,-0.158719,1.500000,-0.312493,-0.198939,0.198939,0.000000,-0.029005,-0.392934,-0.312345,-0.021961
1.990000,0.723283,-0.044520,-0.147887,1.475651,-0.245176,-0.123825,0.068125,0.075013,0.717393,-0.043293,-0.156707,1.500000,-0.319683,-0.203517,0.203517,0.000000,-0.029689,-0.392702,-0.311873,-0.021948
2.000000,0.720790,-0.045784,-0.147181,1.476398,-0.252425,-0.128304,0.072322,0.075026,0.714161,-0.045351,-0.154649,1.500000,-0.326841,-0.208073,0.208073,0.000000,-0.030367,-0.392447,-0.311400,-0.021934
2.010000,0.718225,-0.047093,-0.146432,1.477146,-0.259638,-0.132769,0.076523,0.075037,0.710856,-0.047455,-0.152545,1.500000,-0.333966,-0.212609,0.212609,0.000000,-0.031041,-0.392169,-0.310927,-0.021921
2.020000,0.715588,-0.048446,-0.145642,1.477893,-0.266815,-0.137221,0.080726,0.075045,0.707481,-0.049603,-0.150397,1.500000,-0.341058,-0.217124,0.217124,0.000000,-0.031711,-0.391868,-0.310453,-0.021907
2.030000,0.712879,-0.049843,-0.144809,1.478641,-0.273956,-0.141659,0.084931,0.075051,0.704035,-0.051797,-0.148203,1.500000,-0.348115,-0.221617,0.221617,0.000000,-0.032375,-0.391543,-0.309978,-0.021894
2.040000,0.710099,-0.051285,-0.143935,1.479389,-0.281059,-0.146083,0.089137,0.075053,0.700519,-0.054036,-0.145964,1.500000,-0.355138,-0.226088,0.226088,0.000000,-0.033035,-0.391195,-0.309504,-0.021882
2.050000,0.707248,-0.052770,-0.143019,1.480137,-0.288123,-0.150493,0.093344,0.075052,0.696933,-0.056319,-0.143681,1.500000,-0.362126,-0.230536,0.230536,0.000000,-0.033690,-0.390825,-0.309028,-0.021869
2.060000,0.704327,-0.054300,-0.142060,1.480886,-0.295150,-0.154889,0.097551,0.075048,0.693277,-0.058646,-0.141354,1.500000,-0.369077,-0.234962,0.234962,0.000000,-0.034340,-0.390430,-0.308553,-0.021857
2.070000,0.701335,-0.055874,-0.141060,1.481634,-0.302136,-0.159269,0.101758,0.075041,0.689551,-0.061018,-0.138982,1.500000,-0.375991,-0.239363,0.239363,0.000000,-0.034985,-0.390013,-0.308077,-0.021845
2.080000,0.698274,-0.057491,-0.140017,1.482382,-0.309083,-0.163635,0.105964,0.075029,0.685757,-0.063434,-0.136566,1.500000,-0.382868,-0.243741,0.243741,0.000000,-0.035625,-0.389573,-0.307601,-0.021833
2.090000,0.695144,-0.059152,-0.138933,1.483130,-0.315989,-0.167985,0.110168,0.075014,0.681894,-0.065893,-0.134107,1.500000,-0.389706,-0.248094,0.248094,0.000000,-0.036259,-0.389109,-0.307125,-0.021822
2.100000,0.691945,-0.060856,-0.137807,1.483878,-0.322854,-0.172319,0.114371,0.074995,0.677963,-0.068395,-0.131605,1.500000,-0.396505,-0.252423,0.252423,0.000000,-0.036889,-0.388623,-0.306649,-0.021811
2.110000,0.688678,-0.062603,-0.136638,1.484626,-0.329677,-0.176637,0.118571,0.074972,0.673964,-0.070941,-0.129059,1.500000,-0.403265,-0.256726,0.256726,0.000000,-0.037514,-0.388113,-0.306173,-0.021801
2.120000,0.685342,-0.064394,-0.135428,1.485373,-0.336458,-0.180939,0.122768,0.074945,0.669898,-0.073530,-0.126470,1.500000,-0.409984,-0.261004,0.261004,0.000000,-0.038134,-0.387580,-0.305697,-0.021791
2.130000,0.681939,-0.066227,-0.134176,1.486121,-0.343195,-0.185224,0.126961,0.074913,0.665765,-0.076161,-0.123839,1.500000,-0.416663,-0.265256,0.265256,0.000000,-0.038749,-0.387025,-0.305221,-0.021781
2.140000,0.678469,-0.068103,-0.132882,1.486868,-0.349889,-0.189492,0.131151,0.074877,0.661565,-0.078835,-0.121165,1.500000,-0.423299,-0.269481,0.269481,0.000000,-0.039358,-0.386446,-0.304746,-0.021772
2.150000,0.674932,-0.070021,-0.131546,1.487615,-0.356539,-0.193743,0.135336,0.074836,0.657299,-0.081551,-0.118449,1.500000,-0.429894,-0.273679,0.273679,0.000000,-0.039963,-0.385844,-0.304270,-0.021763
2.160000,0.671329,-0.071982,-0.130168,1.488362,-0.363144,-0.197975,0.139516,0.074790,0.652967,-0.084308,-0.115692,1.500000,-0.436445,-0.277850,0.277850,0.000000,-0.040562,-0.385220,-0.303795,-0.021754
2.170000,0.667661,-0.073985,-0.128749,1.489108,-0.369704,-0.202190,0.143690,0.074739,0.648570,-0.087108,-0.112892,1.500000,-0.442953,-0.281993,0.281993,0.000000,-0.041156,-0.384572,-0.303320,-0.021747
2.180000,0.663926,-0.076030,-0.127288,1.489853,-0.376218,-0.206387,0.147859,0.074682,0.644108,-0.089948,-0.110052,1.500000,-0.449416,-0.286107,0.286107,0.000000,-0.041745,-0.383902,-0.302846,-0.021739
2.190000,0.660127,-0.078117,-0.125785,1.490598,-0.382685,-0.210564,0.152020,0.074621,0.639582,-0.092830,-0.107170,1.500000,-0.455835,-0.290193,0.290193,0.000000,-0.042328,-0.383208,-0.302372,-0.021732
2.200000,0.656264,-0.080246,-0.124241,1.491343,-0.389106,-0.214722,0.156175,0.074554,0.634992,-0.095752,-0.104248,1.500000,-0.462208,-0.294251,0.294251,0.000000,-0.042906,-0.382492,-0.301899,-0.021726
2.210000,0.652337,-0.082416,-0.122656,1.492087,-0.395478,-0.218861,0.160322,0.074482,0.630338,-0.098714,-0.101286,1.500000,-0.468534,-0.298278,0.298278,0.000000,-0.043479,-0.381753,-0.301426,-0.021720
2.220000,0.648346,-0.084627,-0.121029,1.492830,-0.401803,-0.222980,0.164461,0.074404,0.625621,-0.101717,-0.098283,1.500000,-0.474814,-0.302276,0.302276,0.000000,-0.044047,-0.380992,-0.300954,-0.021715
2.230000,0.644292,-0.086879,-0.119361,1.493573,-0.408079,-0.227079,0.168592,0.074321,0.620842,-0.104760,-0.095240,1.500000,-0.481047,-0.306244,0.306244,0.000000,-0.044609,-0.380208,-0.300482,-0.021710
2.240000,0.640176,-0.089173,-0.117651,1.494315,-0.414306,-0.231157,0.172714,0.074231,0.616000,-0.107842,-0.092158,1.500000,-0.487231,-0.310181,0.310181,0.000000,-0.045166,-0.379401,-0.300012,-0.021706
2.250000,0.635997,-0.091506,-0.115901,1.495056,-0.420483,-0.235214,0.176826,0.074136,0.611097,-0.110963,-0.089037,1.500000,-0.493366,-0.314087,0.314087,0.000000,-0.045718,-0.378572,-0.299542,-0.021702
2.260000,0.631758,-0.093880,-0.114109,1.495796,-0.426610,-0.239250,0.180928,0.074035,0.606133,-0.114124,-0.085876,1.500000,-0.499453,-0.317961,0.317961,0.000000,-0.046264,-0.377720,-0.299073,-0.021699
2.270000,0.627457,-0.096295,-0.112277,1.496535,-0.432687,-0.243264,0.185019,0.073927,0.601108,-0.117323,-0.082677,1.500000,-0.505489,-0.321804,0.321804,0.000000,-0.046804,-0.376846,-0.298605,-0.021697
2.280000,0.623096,-0.098749,-0.110403,1.497273,-0.438712,-0.247256,0.189100,0.073813,0.596024,-0.120560,-0.079440,1.500000,-0.511475,-0.325615,0.325615,0.000000,-0.047340,-0.375949,-0.298138,-0.021695
2.290000,0.618674,-0.101243,-0.108490,1.498010,-0.444685,-0.251226,0.193169,0.073693,0.590879,-0.123835,-0.076165,1.500000,-0.517409,-0.329393,0.329393,0.000000,-0.047870,-0.375030,-0.297672,-0.021694
2.300000,0.614194,-0.103777,-0.106535,1.498745,-0.450606,-0.255172,0.197226,0.073566,0.585676,-0.127147,-0.072853,1.500000,-0.523292,-0.333138,0.333138,0.000000,-0.048394,-0.374089,-0.297207,-0.021694
2.310000,0.609654,-0.106350,-0.104540,1.499480,-0.456475,-0.259096,0.201271,0.073433,0.580413,-0.130497,-0.069503,1.500000,-0.529122,-0.336850,0.336850,0.000000,-0.048913,-0.373126,-0.296744,-0.021694
2.320000,0.605056,-0.108961,-0.102505,1.500213,-0.462290,-0.262996,0.205303,0.073293,0.575093,-0.133884,-0.066116,1.500000,-0.534900,-0.340528,0.340528,0.000000,-0.049427,-0.372140,-0.296282,-0.021695
2.330000,0.600401,-0.111612,-0.100429,1.500945,-0.468052,-0.266872,0.209321,0.073147,0.569716,-0.137308,-0.062692,1.500000,-0.540624,-0.344172,0.344172,0.000000,-0.049935,-0.371133,-0.295821,-0.021696
2.340000,0.595688,-0.114302,-0.098314,1.501676,-0.473760,-0.270723,0.213326,0.072994,0.564281,-0.140768,-0.059232,1.500000,-0.546294,-0.347782,0.347782,0.000000,-0.050437,-0.370104,-0.295361,-0.021699
2.350000,0.590918,-0.117029,-0.096158,1.502404,-0.479413,-0.274550,0.217316,0.072834,0.558790,-0.144263,-0.055737,1.500000,-0.551910,-0.351357,0.351357,0.000000,-0.050935,-0.369053,-0.294903,-0.021702
2.360000,0.586092,-0.119795,-0.093963,1.503132,-0.485011,-0.278352,0.221292,0.072667,0.553243,-0.147795,-0.052205,1.500000,-0.557470,-0.354896,0.354896,0.000000,-0.051426,-0.367980,-0.294446,-0.021706
2.370000,0.581210,-0.122599,-0.091729,1.503858,-0.490554,-0.282128,0.225252,0.072493,0.547641,-0.151361,-0.048639,1.500000,-0.562974,-0.358401,0.358401,0.000000,-0.051912,-0.366885,-0.293991,-0.021710
2.380000,0.576273,-0.125440,-0.089454,1.504582,-0.496042,-0.285879,0.229197,0.072312,0.541984,-0.154963,-0.045037,1.500000,-0.568422,-0.361869,0.361869,0.000000,-0.052393,-0.365769,-0.293538,-0.021715
2.390000,0.571282,-0.128318,-0.087141,1.505304,-0.501473,-0.289603,0.233125,0.072124,0.536272,-0.158598,-0.041402,1.500000,-0.573814,-0.365301,0.365301,0.000000,-0.052868,-0.364631,-0.293086,-0.021721
2.400000,0.566236,-0.131234,-0.084788,1.506025,-0.506847,-0.293301,0.237036,0.071928,0.530508,-0.162268,-0.037732,1.500000,-0.579148,-0.368697,0.368697,0.000000,-0.053337,-0.363472,-0.292636,-0.021728
2.410000,0.561138,-0.134186,-0.082396,1.506743,-0.512164,-0.296971,0.240931,0.071726,0.524690,-0.165972,-0.034028,1.500000,-0.584424,-0.372056,0.372056,0.000000,-0.053801,-0.362292,-0.292187,-0.021736
2.420000,0.555986,-0.137175,-0.079966,1.507460,-0.517424,-0.300615,0.244807,0.071516,0.518819,-0.169709,-0.030291,1.500000,-0.589641,-0.375377,0.375377,0.000000,-0.054260,-0.361091,-0.291741,-0.021744
2.430000,0.550782,-0.140200,-0.077497,1.508174,-0.522627,-0.304230,0.248666,0.071299,0.512897,-0.173480,-0.026520,1.500000,-0.594800,-0.378661,0.378661,0.000000,-0.054713,-0.359868,-0.291296,-0.021753
2.440000,0.545526,-0.143261,-0.074989,1.508886,-0.527771,-0.307818,0.252506,0.071074,0.506923,-0.177283,-0.022717,1.500000,-0.599899,-0.381908,0.381908,0.000000,-0.055160,-0.358625,-0.290854,-0.021763
2.450000,0.540220,-0.146358,-0.072444,1.509597,-0.532856,-0.311377,0.256327,0.070842,0.500899,-0.181118,-0.018882,1.500000,-0.604938,-0.385116,0.385116,0.000000,-0.055602,-0.357361,-0.290413,-0.021773
2.460000,0.534862,-0.149490,-0.069860,1.510304,-0.537883,-0.314907,0.260128,0.070603,0.494825,-0.184985,-0.015015,1.500000,-0.609917,-0.388285,0.388285,0.000000,-0.056038,-0.356076,-0.289975,-0.021785
2.470000,0.529455,-0.152658,-0.067238,1.511010,-0.542851,-0.318408,0.263910,0.070356,0.488701,-0.188883,-0.011117,1.500000,-0.614835,-0.391416,0.391416,0.000000,-0.056469,-0.354770,-0.289539,-0.021797
2.480000,0.523999,-0.155860,-0.064579,1.511713,-0.547759,-0.321880,0.267671,0.070101,0.482528,-0.192813,-0.007187,1.500000,-0.619691,-0.394507,0.394507,0.000000,-0.056894,-0.353444,-0.289105,-0.021810
2.490000,0.518493,-0.159096,-0.061882,1.512414,-0.552607,-0.325321,0.271411,0.069839,0.476307,-0.196773,-0.003227,1.500000,-0.624485,-0.397559,0.397559,0.000000,-0.057313,-0.352098,-0.288673,-0.021824
2.500000,0.512940,-0.162367,-0.059148,1.513111,-0.557395,-0.328732,0.275130,0.069570,0.470039,-0.200764,0.000764,1.500000,-0.629217,-0.400572,0.400572,0.000000,-0.057727,-0.350732,-0.288243,-0.021839
2.510000,0.507339,-0.165672,-0.056377,1.513807,-0.562123,-0.332113,0.278827,0.069293,0.463723,-0.204785,0.004785,1.500000,-0.633886,-0.403544,0.403544,0.000000,-0.058136,-0.349345,-0.287816,-0.021855
2.520000,0.501691,-0.169010,-0.053570,1.514499,-0.566789,-0.335463,0.282501,0.069008,0.457361,-0.208835,0.008835,1.500000,-0.638491,-0.406476,0.406476,0.000000,-0.058539,-0.347939,-0.287392,-0.021871
2.530000,0.495997,-0.172381,-0.050725,1.515189,-0.571395,-0.338781,0.286153,0.068715,0.450954,-0.212914,0.012914,1.500000,-0.643033,-0.409367,0.409367,0.000000,-0.058936,-0.346513,-0.286970,-0.021889
2.540000,0.490257,-0.175786,-0.047845,1.515876,-0.575940,-0.342067,0.289782,0.068415,0.444501,-0.217022,0.017022,1.500000,-0.647510,-0.412218,0.412218,0.000000,-0.059328,-0.345067,-0.286551,-0.021907
2.550000,0.484472,-0.179223,-0.044928,1.516560,-0.580422,-0.345322,0.293387,0.068107,0.438004,-0.221158,0.021158,1.500000,-0.651923,-0.415027,0.415027,0.000000,-0.059714,-0.343602,-0.286134,-0.021926
2.560000,0.478642,-0.182693,-0.041975,1.517240,-0.584843,-0.348544,0.296968,0.067792,0.431463,-0.225322,0.025322,1.500000,-0.656270,-0.417794,0.417794,0.000000,-0.060094,-0.342118,-0.285720,-0.021946
2.570000,0.472769,-0.186194,-0.038987,1.517918,-0.589202,-0.351733,0.300524,0.067469,0.424879,-0.229514,0.029514,1.500000,-0.660552,-0.420520,0.420520,0.000000,-0.060469,-0.340614,-0.285308,-0.021967
2.580000,0.466853,-0.189727,-0.035963,1.518593,-0.593499,-0.354889,0.304055,0.067138,0.418252,-0.233733,0.033733,1.500000,-0.664767,-0.423204,0.423204,0.000000,-0.060839,-0.339092,-0.284900,-0.021988
2.590000,0.460893,-0.193292,-0.032904,1.519264,-0.597733,-0.358011,0.307561,0.066800,0.411583,-0.237978,0.037978,1.500000,-0.668917,-0.425845,0.425845,0.000000,-0.061202,-0.337550,-0.284494,-0.022011
2.600000,0.454892,-0.196887,-0.029811,1.519932,-0.601904,-0.361100,0.311041,0.066453,0.404874,-0.242249,0.042249,1.500000,-0.672999,-0.428444,0.428444,0.000000,-0.061561,-0.335990,-0.284092,-0.022034
2.610000,0.448850,-0.200514,-0.026682,1.520596,-0.606012,-0.364155,0.314494,0.066099,0.398124,-0.246547,0.046547,1.500000,-0.677014,-0.431000,0.431000,0.000000,-0.061913,-0.334412,-0.283692,-0.022058
2.620000,0.442766,-0.204170,-0.023520,1.521257,-0.610057,-0.367175,0.317921,0.065738,0.391334,-0.250869,0.050869,1.500000,-0.680961,-0.433513,0.433513,0.000000,-0.062260,-0.332815,-0.283295,-0.022084
2.630000,0.436643,-0.207856,-0.020323,1.521914,-0.614038,-0.370160,0.321320,0.065369,0.384505,-0.255217,0.055217,1.500000,-0.684840,-0.435983,0.435983,0.000000,-0.062602,-0.331201,-0.282902,-0.022110
2.640000,0.430480,-0.211573,-0.017093,1.522568,-0.617956,-0.373110,0.324692,0.064992,0.377637,-0.259589,0.059589,1.500000,-0.688651,-0.438409,0.438409,0.000000,-0.062938,-0.329568,-0.282512,-0.022137
2.650000,0.424279,-0.215318,-0.013829,1.523218,-0.621810,-0.376024,0.328035,0.064607,0.370732,-0.263985,0.063985,1.500000,-0.692393,-0.440791,0.440791,0.000000,-0.063268,-0.327918,-0.282125,-0.022164
2.660000,0.418039,-0.219092,-0.010532,1.523864,-0.625600,-0.378903,0.331350,0.064215,0.363790,-0.268404,0.068404,1.500000,-0.696066,-0.443129,0.443129,0.000000,-0.063593,-0.326250,-0.281741,-0.022193
2.670000,0.411761,-0.222895,-0.007201,1.524506,-0.629326,-0.381745,0.334635,0.063816,0.356811,-0.272847,0.072847,1.500000,-0.699669,-0.445423,0.445423,0.000000,-0.063912,-0.324565,-0.281361,-0.022223
2.680000,0.405447,-0.226726,-0.003839,1.525144,-0.632988,-0.384551,0.337892,0.063409,0.349796,-0.277313,0.077313,1.500000,-0.703202,-0.447672,0.447672,0.000000,-0.064226,-0.322862,-0.280984,-0.022253
2.690000,0.399097,-0.230585,-0.000444,1.525778,-0.636585,-0.387320,0.341118,0.062994,0.342747,-0.281800,0.081800,1.500000,-0.706665,-0.449877,0.449877,0.000000,-0.064534,-0.321143,-0.280610,-0.022284
2.700000,0.392711,-0.234471,0.002984,1.526408,-0.640118,-0.390052,0.344314,0.062572,0.335663,-0.286310,0.086310,1.500000,-0.710057,-0.452036,0.452036,0.000000,-0.064837,-0.319407,-0.280240,-0.022316
2.710000,0.386290,-0.238384,0.006443,1.527034,-0.643586,-0.392746,0.347479,0.062143,0.328546,-0.290841,0.090841,1.500000,-0.713378,-0.454150,0.454150,0.000000,-0.065134,-0.317654,-0.279874,-0.022349
2.720000,0.379834,-0.242324,0.009933,1.527656,-0.646990,-0.395403,0.350612,0.061706,0.321396,-0.295393,0.095393,1.500000,-0.716627,-0.456219,0.456219,0.000000,-0.065425,-0.315885,-0.279511,-0.022383
2.730000,0.373345,-0.246291,0.013454,1.528273,-0.650328,-0.398022,0.353714,0.061261,0.314214,-0.299965,0.099965,1.500000,-0.719805,-0.458242,0.458242,0.000000,-0.065711,-0.314100,-0.279153,-0.022418
2.740000,0.366823,-0.250283,0.017007,1.528886,-0.653602,-0.400602,0.356784,0.060810,0.307000,-0.304558,0.104558,1.500000,-0.722912,-0.460220,0.460220,0.000000,-0.065991,-0.312300,-0.278797,-0.022454
2.750000,0.360269,-0.254301,0.020590,1.529494,-0.656811,-0.403144,0.359822,0.060351,0.299756,-0.309170,0.109170,1.500000,-0.725945,-0.462151,0.462151,0.000000,-0.066266,-0.310483,-0.278446,-0.022490
2.760000,0.353683,-0.258344,0.024203,1.530098,-0.659954,-0.405646,0.362826,0.059885,0.292482,-0.313800,0.113800,1.500000,-0.728907,-0.464036,0.464036,0.000000,-0.066535,-0.308651,-0.278099,-0.022528
2.770000,0.347065,-0.262412,0.027845,1.530697,-0.663032,-0.408109,0.365797,0.059412,0.285178,-0.318450,0.118450,1.500000,-0.731795,-0.465875,0.465875,0.000000,-0.066799,-0.306804,-0.277755,-0.022566
2.780000,0.340418,-0.266504,0.031518,1.531291,-0.666045,-0.410533,0.368734,0.058932,0.277846,-0.323118,0.123118,1.500000,-0.734610,-0.467667,0.467667,0.000000,-0.067057,-0.304942,-0.277416,-0.022605
2.790000,0.333740,-0.270620,0.035219,1.531881,-0.668993,-0.412917,0.371637,0.058445,0.270486,-0.327803,0.127803,1.500000,-0.737352,-0.469413,0.469413,0.000000,-0.067309,-0.303066,-0.277080,-0.022645
2.800000,0.327034,-0.274760,0.038949,1.532466,-0.671875,-0.415261,0.374505,0.057950,0.263099,-0.332506,0.132506,1.500000,-0.740020,-0.471111,0.471111,0.000000,-0.067556,-0.301174,-0.276749,-0.022686
2.810000,0.320299,-0.278923,0.042708,1.533045,-0.674692,-0.417564,0.377338,0.057449,0.255686,-0.337225,0.137225,1.500000,-0.742614,-0.472763,0.472763,0.000000,-0.067798,-0.299269,-0.276421,-0.022728
2.820000,0.313536,-0.283109,0.046494,1.533620,-0.677443,-0.419827,0.380136,0.056941,0.248247,-0.341961,0.141961,1.500000,-0.745133,-0.474367,0.474367,0.000000,-0.068034,-0.297349,-0.276098,-0.022770
2.830000,0.306747,-0.287317,0.050309,1.534190,-0.680129,-0.422049,0.382898,0.056427,0.240783,-0.346713,0.146713,1.500000,-0.747579,-0.475923,0.475923,0.000000,-0.068264,-0.295416,-0.275780,-0.022813
2.840000,0.299930,-0.291547,0.054151,1.534755,-0.682749,-0.424229,0.385623,0.055905,0.233296,-0.351479,0.151479,1.500000,-0.749949,-0.477432,0.477432,0.000000,-0.068489,-0.293469,-0.275465,-0.022858
2.850000,0.293088,-0.295798,0.058020,1.535314,-0.685304,-0.426368,0.388312,0.055377,0.225785,-0.356261,0.156261,1.500000,-0.752244,-0.478894,0.478894,0.000000,-0.068708,-0.291509,-0.275155,-0.022903
2.860000,0.286221,-0.300071,0.061915,1.535868,-0.687794,-0.428465,0.390964,0.054843,0.218251,-0.361057,0.161057,1.500000,-0.754465,-0.480307,0.480307,0.000000,-0.068922,-0.289536,-0.274850,-0.022948
2.870000,0.279329,-0.304364,0.065837,1.536417,-0.690217,-0.430520,0.393578,0.054302,0.210696,-0.365867,0.165867,1.500000,-0.756609,-0.481672,0.481672,0.000000,-0.069130,-0.287550,-0.274549,-0.022995
2.880000,0.272413,-0.308678,0.069785,1.536961,-0.692576,-0.432533,0.396154,0.053754,0.203119,-0.370690,0.170690,1.500000,-0.758678,-0.482990,0.482990,0.000000,-0.069332,-0.285552,-0.274252,-0.023042
2.890000,0.265474,-0.313012,0.073758,1.537499,-0.694869,-0.434504,0.398692,0.053201,0.195522,-0.375527,0.175527,1.500000,-0.760672,-0.484259,0.484259,0.000000,-0.069529,-0.283542,-0.273960,-0.023091
2.900000,0.258513,-0.317365,0.077756,1.538031,-0.697096,-0.436431,0.401192,0.052641,0.187906,-0.380375,0.180375,1.500000,-0.762589,-0.485479,0.485479,0.000000,-0.069721,-0.281519,-0.273673,-0.023139
2.910000,0.251529,-0.321737,0.081779,1.538558,-0.699258,-0.438316,0.403652,0.052075,0.180271,-0.385236,0.185236,1.500000,-0.764430,-0.486651,0.486651,0.000000,-0.069907,-0.279485,-0.273390,-0.023189
2.920000,0.244524,-0.326127,0.085827,1.539079,-0.701355,-0.440157,0.406073,0.051503,0.172618,-0.390108,0.190108,1.500000,-0.766194,-0.487774,0.487774,0.000000,-0.070087,-0.277439,-0.273112,-0.023240
2.930000,0.237499,-0.330536,0.089898,1.539595,-0.703386,-0.441955,0.408454,0.050925,0.164947,-0.394991,0.194991,1.500000,-0.767882,-0.488849,0.488849,0.000000,-0.070262,-0.275383,-0.272839,-0.023291
2.940000,0.230454,-0.334962,0.093993,1.540105,-0.705352,-0.443709,0.410795,0.050342,0.157260,-0.399885,0.199885,1.500000,-0.769493,-0.489874,0.489874,0.000000,-0.070431,-0.273315,-0.272570,-0.023343
2.950000,0.223390,-0.339406,0.098111,1.540609,-0.707252,-0.445419,0.413095,0.049752,0.149558,-0.404789,0.204789,1.500000,-0.771027,-0.490851,0.490851,0.000000,-0.070594,-0.271237,-0.272307,-0.023396
2.960000,0.216306,-0.343867,0.102252,1.541107,-0.709087,-0.447086,0.415354,0.049157,0.141840,-0.409702,0.209702,1.500000,-0.772484,-0.491779,0.491779,0.000000,-0.070752,-0.269148,-0.272048,-0.023449
2.970000,0.209205,-0.348344,0.106416,1.541599,-0.710857,-0.448707,0.417572,0.048557,0.134108,-0.414624,0.214624,1.500000,-0.773864,-0.492657,0.492657,0.000000,-0.070905,-0.267049,-0.271795,-0.023503
2.980000,0.202087,-0.352837,0.110601,1.542085,-0.712562,-0.450284,0.419749,0.047951,0.126363,-0.419555,0.219555,1.500000,-0.775166,-0.493486,0.493486,0.000000,-0.071052,-0.264941,-0.271546,-0.023558
2.990000,0.194952,-0.357345,0.114807,1.542566,-0.714202,-0.451817,0.421883,0.047340,0.118605,-0.424494,0.224494,1.500000,-0.776391,-0.494266,0.494266,0.000000,-0.071193,-0.262823,-0.271303,-0.023614
3.000000,0.187801,-0.361868,0.119035,1.543040,-0.715777,-0.453304,0.423975,0.046723,0.110835,-0.429440,0.229440,1.500000,-0.777538,-0.494996,0.494996,0.000000,-0.071328,-0.260696,-0.271064,-0.023670
3.010000,0.180634,-0.366406,0.123283,1.543508,-0.717287,-0.454746,0.426025,0.046102,0.103055,-0.434393,0.234393,1.500000,-0.778608,-0.495677,0.495677,0.000000,-0.071458,-0.258560,-0.270831,-0.023727
3.020000,0.173453,-0.370959,0.127552,1.543969,-0.718732,-0.456143,0.428031,0.045475,0.095263,-0.439353,0.239353,1.500000,-0.779599,-0.496308,0.496308,0.000000,-0.071583,-0.256415,-0.270603,-0.023784
3.030000,0.166258,-0.375525,0.131841,1.544425,-0.720112,-0.457494,0.429994,0.044844,0.087463,-0.444319,0.244319,1.500000,-0.780513,-0.496890,0.496890,0.000000,-0.071702,-0.254262,-0.270380,-0.023843
3.040000,0.159049,-0.380104,0.136148,1.544874,-0.721427,-0.458800,0.431914,0.044208,0.079654,-0.449291,0.249291,1.500000,-0.781349,-0.497422,0.497422,0.000000,-0.071815,-0.252101,-0.270162,-0.023901
3.050000,0.151827,-0.384696,0.140475,1.545317,-0.722678,-0.460060,0.433789,0.043567,0.071836,-0.454268,0.254268,1.500000,-0.782106,-0.497904,0.497904,0.000000,-0.071922,-0.249932,-0.269950,-0.023961
3.060000,0.144594,-0.389300,0.144820,1.545753,-0.723864,-0.461273,0.435620,0.042922,0.064012,-0.459249,0.259249,1.500000,-0.782785,-0.498337,0.498337,0.000000,-0.072024,-0.247756,-0.269743,-0.024021
3.070000,0.137349,-0.393916,0.149184,1.546183,-0.724986,-0.462440,0.437407,0.042273,0.056181,-0.464234,0.264234,1.500000,-0.783386,-0.498719,0.498719,0.000000,-0.072120,-0.245572,-0.269542,-0.024082
3.080000,0.130093,-0.398543,0.153564,1.546607,-0.726043,-0.463561,0.439148,0.041619,0.048344,-0.469223,0.269223,1.500000,-0.783909,-0.499052,0.499052,0.000000,-0.072211,-0.243382,-0.269345,-0.024143
3.090000,0.122826,-0.403182,0.157962,1.547024,-0.727036,-0.464636,0.440845,0.040961,0.040503,-0.474215,0.274215,1.500000,-0.784353,-0.499335,0.499335,0.000000,-0.072296,-0.241185,-0.269155,-0.024205
3.100000,0.115551,-0.407831,0.162377,1.547434,-0.727965,-0.465663,0.442495,0.040299,0.032657,-0.479210,0.279210,1.500000,-0.784719,-0.499568,0.499568,0.000000,-0.072375,-0.238981,-0.268970,-0.024267
3.110000,0.108266,-0.412489,0.166808,1.547838,-0.728830,-0.466644,0.444100,0.039633,0.024809,-0.484206,0.284206,1.500000,-0.785006,-0.499750,0.499750,0.000000,-0.072448,-0.236772,-0.268790,-0.024330
3.120000,0.100973,-0.417158,0.171255,1.548235,-0.729630,-0.467578,0.445659,0.038964,0.016958,-0.489205,0.289205,1.500000,-0.785215,-0.499883,0.499883,0.000000,-0.072516,-0.234557,-0.268616,-0.024394
3.130000,0.093672,-0.421835,0.175717,1.548626,-0.730366,-0.468464,0.447172,0.038291,0.009105,-0.494204,0.294204,1.500000,-0.785345,-0.499966,0.499966,0.000000,-0.072578,-0.232336,-0.268447,-0.024458
