t,q1,q2,q3,q4,dq1,dq2,dq3,dq4,tau1,tau2,tau3,tau4
0.000000,0.000000,0.000000,0.000000,0.000000,0.000000,0.000000,0.000000,0.000000,0.000000,0.000000,0.000000,0.000000
0.020000,0.000000,0.000000,0.000000,0.000000,0.000000,0.000000,0.000000,0.000000,0.000000,0.003140,0.000000,0.000000
0.040000,0.000000,0.000000,0.000000,0.000000,0.000000,0.000000,0.000000,0.000000,0.000000,0.006267,0.000000,0.000000
0.060000,0.000000,0.000000,0.000000,0.000000,0.000000,0.000000,0.000000,0.000000,0.000000,0.009369,0.000000,0.000000
0.080000,0.000000,0.000000,0.000000,0.000000,0.000000,0.000000,0.000000,0.000000,0.000000,0.012434,0.000000,0.000000
0.100000,0.000000,0.000000,0.000000,0.000000,0.000000,0.000000,0.000000,0.000000,0.000000,0.015451,0.000000,0.000000
0.120000,0.000000,0.000000,0.000000,0.000000,0.000000,0.000000,0.000000,0.000000,0.000000,0.018406,0.000000,0.000000
0.140000,0.000000,0.000000,0.000000,0.000000,0.000000,0.000000,0.000000,0.000000,0.000000,0.021289,0.000000,0.000000
0.160000,0.000000,0.000000,0.000000,0.000000,0.000000,0.000000,0.000000,0.000000,0.000000,0.024088,0.000000,0.000000
0.180000,0.000000,0.000000,0.000000,0.000000,0.000000,0.000000,0.000000,0.000000,0.000000,0.026791,0.000000,0.000000
0.200000,0.000000,0.000000,0.000000,0.000000,0.000000,0.000000,0.000000,0.000000,0.000000,0.029389,0.000000,0.000000
0.220000,0.000000,0.000000,0.000000,0.000000,0.000000,0.000000,0.000000,0.000000,0.000000,0.031871,0.000000,0.000000
0.240000,0.000000,0.000000,0.000000,0.000000,0.000000,0.000000,0.000000,0.000000,0.000000,0.034227,0.000000,0.000000
0.260000,0.000000,0.000000,0.000000,0.000000,0.000000,0.000000,0.000000,0.000000,0.000000,0.036448,0.000000,0.000000
0.280000,0.000000,0.000000,0.000000,0.000000,0.000000,0.000000,0.000000,0.000000,0.000000,0.038526,0.000000,0.000000
0.300000,0.000000,0.000000,0.000000,0.000000,0.000000,0.000000,0.000000,0.000000,0.000000,0.040451,0.000000,0.000000
0.320000,0.000000,0.000000,0.000000,0.000000,0.000000,0.000000,0.000000,0.000000,0.000000,0.042216,0.000000,0.000000
0.340000,0.000000,0.000000,0.000000,0.000000,0.000000,0.000000,0.000000,0.000000,0.000000,0.043815,0.000000,0.000000
0.360000,0.000000,0.000000,0.000000,0.000000,0.000000,0.000000,0.000000,0.000000,0.000000,0.045241,0.000000,0.000000
0.380000,0.000000,0.000000,0.000000,0.000000,0.000000,0.000000,0.000000,0.000000,0.000000,0.046489,0.000000,0.000000
0.400000,0.000000,0.000000,0.000000,0.000000,0.000000,0.000000,0.000000,0.000000,0.000000,0.047553,0.000000,0.000000
0.420000,0.000000,0.000000,0.000000,0.000000,0.000000,0.000000,0.000000,0.000000,0.000000,0.048429,0.000000,0.000000
0.440000,0.000000,0.000000,0.000000,0.000000,0.000000,0.000000,0.000000,0.000000,0.000000,0.049114,0.000000,0.000000
0.460000,0.000000,0.000000,0.000000,0.000000,0.000000,0.000000,0.000000,0.000000,0.000000,0.049606,0.000000,0.000000
0.480000,0.000000,0.000000,0.000000,0.000000,0.000000,0.000000,0.000000,0.000000,0.000000,0.049901,0.000000,0.000000
0.500000,0.000000,0.000000,0.000000,0.000000,0.000000,0.000000,0.000000,0.000000,0.000000,0.050000,0.000000,0.000000
0.520000,0.000000,0.000000,0.000000,0.000000,0.000000,0.000000,0.000000,0.000000,0.000000,0.049901,0.000000,0.000000
0.540000,0.000000,0.000000,0.000000,0.000000,0.000000,0.000000,0.000000,0.000000,0.000000,0.049606,0.000000,0.000000
0.560000,0.000000,0.000000,0.000000,0.000000,0.000000,0.000000,0.000000,0.000000,0.000000,0.049114,0.000000,0.000000
0.580000,0.000000,0.000000,0.000000,0.000000,0.000000,0.000000,0.000000,0.000000,0.000000,0.048429,0.000000,0.000000
0.600000,0.000000,0.000000,0.000000,0.000000,0.000000,0.000000,0.000000,0.000000,0.000000,0.047553,0.000000,0.000000
0.620000,0.000000,0.000000,0.000000,0.000000,0.000000,0.000000,0.000000,0.000000,0.000000,0.046489,0.000000,0.000000
0.640000,0.000000,0.000000,0.000000,0.000000,0.000000,0.000000,0.000000,0.000000,0.000000,0.045241,0.000000,0.000000
0.660000,0.000000,0.000000,0.000000,0.000000,0.000000,0.000000,0.000000,0.000000,0.000000,0.043815,0.000000,0.000000
0.680000,0.000000,0.000000,0.000000,0.000000,0.000000,0.000000,0.000000,0.000000,0.000000,0.042216,0.000000,0.000000
0.700000,0.000000,0.000000,0.000000,0.000000,0.000000,0.000000,0.000000,0.000000,0.000000,0.040451,0.000000,0.000000
0.720000,0.000000,0.000000,0.000000,0.000000,0.000000,0.000000,0.000000,0.000000,0.000000,0.038526,0.000000,0.000000
0.740000,0.000000,0.000000,0.000000,0.000000,0.000000,0.000000,0.000000,0.000000,0.000000,0.036448,0.000000,0.000000
0.760000,0.000000,0.000000,0.000000,0.000000,0.000000,0.000000,0.000000,0.000000,0.000000,0.034227,0.000000,0.000000
0.780000,0.000000,0.000000,0.000000,0.000000,0.000000,0.000000,0.000000,0.000000,0.000000,0.031871,0.000000,0.000000
0.800000,0.000000,0.000000,0.000000,0.000000,0.000000,0.000000,0.000000,0.000000,0.000000,0.029389,0.000000,0.000000
0.820000,0.000000,0.000000,0.000000,0.000000,0.000000,0.000000,0.000000,0.000000,0.000000,0.026791,0.000000,0.000000
0.840000,0.000000,0.000000,0.000000,0.000000,0.000000,0.000000,0.000000,0.000000,0.000000,0.024088,0.000000,0.000000
0.860000,0.000000,0.000000,0.000000,0.000000,0.000000,0.000000,0.000000,0.000000,0.000000,0.021289,0.000000,0.000000
0.880000,0.000000,0.000000,0.000000,0.000000,0.000000,0.000000,0.000000,0.000000,0.000000,0.018406,0.000000,0.000000
0.900000,0.000000,0.000000,0.000000,0.000000,0.000000,0.000000,0.000000,0.000000,0.000000,0.015451,0.000000,0.000000
0.920000,0.000000,0.000000,0.000000,0.000000,0.000000,0.000000,0.000000,0.000000,0.000000,0.012434,0.000000,0.000000
0.940000,0.000000,0.000000,0.000000,0.000000,0.000000,0.000000,0.000000,0.000000,0.000000,0.009369,0.000000,0.000000
0.960000,0.000000,0.000000,0.000000,0.000000,0.000000,0.000000,0.000000,0.000000,0.000000,0.006267,0.000000,0.000000
0.980000,0.001372,0.909873,0.601338,-1.608305,-0.001097,-0.000159,0.000104,-0.005984,0.000000,0.003140,0.000000,0.000000
1.000000,0.001373,0.909874,0.601337,-1.608303,0.001809,0.000220,-0.000002,0.011540,0.000000,-0.000000,0.000000,0.000000
1.020000,0.001371,0.909873,0.601338,-1.608297,-0.001716,-0.000401,0.000341,0.012069,0.000000,-0.003140,0.000000,0.000000
1.040000,0.001372,0.909873,0.601338,-1.608319,-0.000925,-0.000220,0.000143,-0.004149,0.000000,-0.006267,0.000000,0.000000
1.060000,0.001372,0.909873,0.601338,-1.608319,0.000455,-0.000023,-0.000049,-0.004428,0.000000,-0.009369,0.000000,0.000000
1.080000,0.001372,0.909872,0.601338,-1.608191,-0.000861,-0.000166,0.000118,-0.002911,0.000000,-0.012434,0.000000,0.000000
1.100000,0.001372,0.909872,0.601338,-1.608263,-0.000920,-0.000180,0.000138,-0.003651,0.000000,-0.015451,0.000000,0.000000
1.120000,0.001372,0.909872,0.601338,-1.608188,-0.000860,-0.000203,0.000152,-0.004232,0.000000,-0.018406,0.000000,0.000000
1.140000,0.001373,0.909872,0.601338,-1.608238,-0.000872,-0.000200,0.000156,-0.004753,0.000000,-0.021289,0.000000,0.000000
1.160000,0.001374,0.909872,0.601339,-1.608281,-0.000438,-0.000098,0.000050,-0.008284,0.000000,-0.024088,0.000000,0.000000
1.180000,0.001373,0.909872,0.601339,-1.608290,0.000341,-0.000152,0.000157,0.009627,0.000000,-0.026791,0.000000,0.000000
1.200000,0.001372,0.909871,0.601339,-1.608311,-0.000795,-0.000157,0.000092,-0.005025,0.000000,-0.029389,0.000000,0.000000
1.220000,0.001375,0.909871,0.601339,-1.608302,0.002271,0.000362,-0.000076,0.012117,0.000000,-0.031871,0.000000,0.000000
1.240000,0.001373,0.909871,0.601339,-1.608305,0.000787,0.000046,-0.000075,-0.005836,0.000000,-0.034227,0.000000,0.000000
1.260000,0.001373,0.909871,0.601339,-1.608308,0.000990,0.000080,-0.000074,-0.005802,0.000000,-0.036448,0.000000,0.000000
1.280000,0.001373,0.909870,0.601340,-1.608160,-0.000903,-0.000562,0.000309,0.161025,0.000000,-0.038526,0.000000,0.000000
1.300000,0.001373,0.909871,0.601339,-1.608229,-0.000916,-0.000213,0.000153,-0.003198,0.000000,-0.040451,0.000000,0.000000
1.320000,0.001373,0.909870,0.601339,-1.608149,0.000514,0.000007,-0.000043,-0.004617,0.000000,-0.042216,0.000000,0.000000
1.340000,0.001373,0.909870,0.601339,-1.608195,-0.000894,-0.000201,0.000150,-0.004314,0.000000,-0.043815,0.000000,0.000000
1.360000,0.001371,0.909870,0.601340,-1.608261,-0.002260,-0.000542,0.000475,0.008792,0.000000,-0.045241,0.000000,0.000000
1.380000,0.001373,0.909870,0.601340,-1.608294,-0.000915,-0.000113,0.000073,-0.006787,0.000000,-0.046489,0.000000,0.000000
1.400000,0.001373,0.909870,0.601340,-1.608297,-0.000947,-0.000118,0.000064,-0.006470,0.000000,-0.047553,0.000000,0.000000
1.420000,0.001373,0.909870,0.601340,-1.608307,0.000946,0.000144,-0.000071,-0.006038,0.000000,-0.048429,0.000000,0.000000
1.440000,0.001372,0.909869,0.601340,-1.608294,-0.002454,-0.000551,0.000438,0.012640,0.000000,-0.049114,0.000000,0.000000
1.460000,0.001374,0.909870,0.601340,-1.608187,0.000747,0.000092,-0.000050,-0.003548,0.000000,-0.049606,0.000000,0.000000
1.480000,0.001373,0.909870,0.601340,-1.608222,-0.000876,-0.000194,0.000139,-0.003225,0.000000,-0.049901,0.000000,0.000000
1.500000,0.001374,0.909870,0.601340,-1.608275,0.001800,0.000378,-0.000127,0.011404,0.000000,-0.050000,0.000000,0.000000
1.520000,0.001374,0.909870,0.601340,-1.608296,0.001037,0.000130,-0.000066,-0.006779,0.000000,-0.049901,0.000000,0.000000
1.540000,0.001372,0.909869,0.601340,-1.608293,-0.000158,-0.000011,-0.000074,-0.007115,0.000000,-0.049606,0.000000,0.000000
1.560000,0.001374,0.909870,0.601340,-1.608308,0.001036,0.000182,-0.000110,-0.005662,0.000000,-0.049114,0.000000,0.000000
1.580000,0.001373,0.909869,0.601340,-1.608292,-0.002365,-0.000475,0.000371,0.012394,0.000000,-0.048429,0.000000,0.000000
1.600000,0.001374,0.909870,0.601340,-1.608312,0.001143,0.000188,-0.000123,-0.005252,0.000000,-0.047553,0.000000,0.000000
1.620000,0.001372,0.909869,0.601340,-1.608295,-0.002449,-0.000548,0.000432,0.012766,0.000000,-0.046489,0.000000,0.000000
1.640000,0.001375,0.909870,0.601340,-1.608164,0.000826,0.000607,-0.000314,-0.005313,0.000000,-0.045241,0.000000,0.000000
1.660000,0.001375,0.909870,0.601340,-1.608233,0.000734,0.000094,-0.000049,-0.003921,0.000000,-0.043815,0.000000,0.000000
1.680000,0.001374,0.909870,0.601340,-1.608272,-0.000896,-0.000200,0.000145,-0.003762,0.000000,-0.042216,0.000000,0.000000
1.700000,0.001374,0.909870,0.601340,-1.608295,-0.000918,-0.000111,0.000067,-0.006616,0.000000,-0.040451,0.000000,0.000000
1.720000,0.001376,0.909870,0.601340,-1.608296,0.001719,0.000184,0.000013,0.011126,0.000000,-0.038526,0.000000,0.000000
1.740000,0.001374,0.909870,0.601340,-1.608293,-0.002665,-0.000627,0.000491,0.012851,0.000000,-0.036448,0.000000,0.000000
1.760000,0.001375,0.909870,0.601340,-1.608314,0.000402,-0.000038,-0.000040,-0.004603,0.000000,-0.034227,0.000000,0.000000
1.780000,0.001375,0.909871,0.601339,-1.608223,0.000918,0.000126,-0.000070,-0.004021,0.000000,-0.031871,0.000000,0.000000
1.800000,0.001376,0.909871,0.601339,-1.608146,0.000949,0.000633,-0.000307,-0.006570,0.000000,-0.029389,0.000000,0.000000
1.820000,0.001374,0.909871,0.601339,-1.608193,-0.000882,-0.000148,0.000116,-0.004527,0.000000,-0.026791,0.000000,0.000000
1.840000,0.001375,0.909871,0.601339,-1.608138,0.000467,-0.000191,0.000044,-0.005486,0.000000,-0.024088,0.000000,0.000000
1.860000,0.001375,0.909871,0.601339,-1.608197,0.000501,-0.000043,-0.000029,-0.005888,0.000000,-0.021289,0.000000,0.000000
1.880000,0.001375,0.909871,0.601339,-1.608274,0.001138,0.000059,-0.000088,-0.008952,0.000000,-0.018406,0.000000,0.000000
1.900000,0.001375,0.909872,0.601339,-1.608294,0.001019,0.000103,-0.000111,-0.007344,0.000000,-0.015451,0.000000,0.000000
1.920000,0.001375,0.909872,0.601339,-1.608292,-0.000016,0.000036,-0.000098,-0.007538,0.000000,-0.012434,0.000000,0.000000
1.940000,0.001376,0.909872,0.601339,-1.608314,0.000458,-0.000023,-0.000037,-0.004899,0.000000,-0.009369,0.000000,0.000000
1.960000,0.001374,0.909872,0.601339,-1.608300,-0.001806,-0.000281,0.000193,-0.006143,0.000000,-0.006267,0.000000,0.000000
1.980000,0.001376,0.909873,0.601338,-1.608215,-0.000891,-0.000219,0.000159,-0.003156,0.000000,-0.003140,0.000000,0.000000
2.000000,0.001376,0.909873,0.601338,-1.608254,-0.000899,-0.000217,0.000163,-0.003623,0.000000,0.000000,0.000000,0.000000
2.020000,0.001375,0.909873,0.601338,-1.608286,-0.001071,-0.000401,0.000150,0.009433,0.000000,0.003140,0.000000,0.000000
2.040000,0.001375,0.909873,0.601338,-1.608295,-0.000896,-0.000286,0.000121,0.009422,0.000000,0.006267,0.000000,0.000000
2.060000,0.001377,0.909873,0.601338,-1.608304,0.000294,-0.000132,0.000142,0.011103,0.000000,0.009369,0.000000,0.000000
2.080000,0.001376,0.909873,0.601338,-1.608313,-0.000858,-0.000193,0.000118,-0.004861,0.000000,0.012434,0.000000,0.000000
2.100000,0.001375,0.909873,0.601338,-1.608302,-0.001932,-0.000472,0.000383,0.011375,0.000000,0.015451,0.000000,0.000000
2.120000,0.001376,0.909874,0.601338,-1.608312,0.001210,0.000161,-0.000107,-0.006052,0.000000,0.018406,0.000000,0.000000
2.140000,0.001376,0.909874,0.601337,-1.608322,-0.000705,-0.000137,0.000083,-0.004366,0.000000,0.021289,0.000000,0.000000
2.160000,0.001377,0.909874,0.601337,-1.608309,0.000750,0.000208,-0.000172,-0.006773,0.000000,0.024088,0.000000,0.000000
2.180000,0.001377,0.909874,0.601337,-1.608316,-0.000904,-0.000221,0.000136,-0.004510,0.000000,0.026791,0.000000,0.000000
2.200000,0.001377,0.909874,0.601337,-1.608165,0.000734,-0.000449,0.000213,0.160548,0.000000,0.029389,0.000000,0.000000
2.220000,0.001377,0.909875,0.601337,-1.608233,0.000780,0.000015,-0.000037,-0.003588,0.000000,0.031871,0.000000,0.000000
2.240000,0.001377,0.909875,0.601337,-1.608272,0.000778,0.000013,-0.000041,-0.004047,0.000000,0.034227,0.000000,0.000000
2.260000,0.001378,0.909875,0.601337,-1.608306,0.001379,0.000146,-0.000109,-0.006640,0.000000,0.036448,0.000000,0.000000
2.280000,0.001375,0.909875,0.601337,-1.608298,-0.002582,-0.000524,0.000435,0.011965,0.000000,0.038526,0.000000,0.000000
2.300000,0.001379,0.909875,0.601337,-1.608306,0.000296,-0.000279,0.000221,0.011978,0.000000,0.040451,0.000000,0.000000
2.320000,0.001376,0.909875,0.601337,-1.608317,-0.001392,-0.000222,0.000146,-0.004627,0.000000,0.042216,0.000000,0.000000
2.340000,0.001378,0.909876,0.601337,-1.608307,0.000172,0.000077,-0.000141,-0.006545,0.000000,0.043815,0.000000,0.000000
2.360000,0.001377,0.909875,0.601337,-1.608184,0.000713,-0.000123,0.000011,-0.003037,0.000000,0.045241,0.000000,0.000000
2.380000,0.001377,0.909876,0.601336,-1.608255,-0.000778,-0.000157,0.000122,-0.003548,0.000000,0.046489,0.000000,0.000000
2.400000,0.001378,0.909876,0.601336,-1.608297,-0.000777,-0.000154,0.000125,-0.004070,0.000000,0.047553,0.000000,0.000000
2.420000,0.001378,0.909876,0.601336,-1.608227,-0.000786,-0.000162,0.000136,-0.004664,0.000000,0.048429,0.000000,0.000000
2.440000,0.001378,0.909876,0.601336,-1.608281,-0.000784,-0.000158,0.000138,-0.005315,0.000000,0.049114,0.000000,0.000000
2.460000,0.001378,0.909876,0.601336,-1.608235,-0.000799,-0.000156,0.000143,-0.005954,0.000000,0.049606,0.000000,0.000000
2.480000,0.001379,0.909876,0.601336,-1.608278,0.000297,-0.000122,0.000134,0.007276,0.000000,0.049901,0.000000,0.000000
2.500000,0.001378,0.909876,0.601336,-1.608294,-0.000413,-0.000158,0.000151,0.008559,0.000000,0.050000,0.000000,0.000000
2.520000,0.001379,0.909876,0.601336,-1.608313,-0.000902,-0.000223,0.000141,-0.005173,0.000000,0.049901,0.000000,0.000000
2.540000,0.001378,0.909876,0.601336,-1.608324,0.000759,-0.000047,-0.000063,-0.004292,0.000000,0.049606,0.000000,0.000000
2.560000,0.001379,0.909876,0.601336,-1.608175,-0.000882,-0.000198,0.000112,-0.003314,0.000000,0.049114,0.000000,0.000000
2.580000,0.001379,0.909876,0.601336,-1.608246,-0.000789,-0.000165,0.000129,-0.003548,0.000000,0.048429,0.000000,0.000000
2.600000,0.001379,0.909876,0.601336,-1.608171,-0.000832,-0.000187,0.000145,-0.004322,0.000000,0.047553,0.000000,0.000000
2.620000,0.001379,0.909876,0.601336,-1.608220,-0.000788,-0.000162,0.000135,-0.004679,0.000000,0.046489,0.000000,0.000000
2.640000,0.001379,0.909876,0.601336,-1.608168,-0.000789,-0.000163,0.000138,-0.005469,0.000000,0.045241,0.000000,0.000000
2.660000,0.001380,0.909876,0.601336,-1.608228,-0.000797,-0.000155,0.000142,-0.005954,0.000000,0.043815,0.000000,0.000000
2.680000,0.001380,0.909876,0.601336,-1.608284,0.000837,0.000229,-0.000197,-0.009498,0.000000,0.042216,0.000000,0.000000
2.700000,0.001379,0.909876,0.601337,-1.608306,-0.000775,-0.000141,0.000080,-0.006140,0.000000,0.040451,0.000000,0.000000
2.720000,0.001379,0.909875,0.601337,-1.608301,0.000211,0.000013,-0.000144,-0.006689,0.000000,0.038526,0.000000,0.000000
2.740000,0.001380,0.909875,0.601337,-1.608318,0.000672,-0.000014,-0.000045,-0.005213,0.000000,0.036448,0.000000,0.000000
2.760000,0.001379,0.909875,0.601337,-1.608315,-0.000843,-0.000185,0.000107,-0.005453,0.000000,0.034227,0.000000,0.000000
2.780000,0.001382,0.909875,0.601337,-1.608312,0.002174,0.000244,-0.000013,0.012265,0.000000,0.031871,0.000000,0.000000
2.800000,0.001380,0.909875,0.601337,-1.608210,-0.000756,-0.000152,0.000113,-0.002987,0.000000,0.029389,0.000000,0.000000
2.820000,0.001380,0.909875,0.601337,-1.608246,-0.000752,-0.000147,0.000114,-0.003401,0.000000,0.026791,0.000000,0.000000
2.840000,0.001381,0.909875,0.601337,-1.608294,0.000093,-0.000124,0.000059,0.007325,0.000000,0.024088,0.000000,0.000000
2.860000,0.001381,0.909875,0.601337,-1.608301,0.001278,0.000178,-0.000116,-0.007375,0.000000,0.021289,0.000000,0.000000
2.880000,0.001382,0.909874,0.601338,-1.608304,0.000345,-0.000227,0.000194,0.011878,0.000000,0.018406,0.000000,0.000000
2.900000,0.001381,0.909874,0.601338,-1.608304,0.000022,0.000029,-0.000097,-0.006794,0.000000,0.015451,0.000000,0.000000
2.920000,0.001381,0.909874,0.601338,-1.608322,0.000491,-0.000003,-0.000059,-0.004552,0.000000,0.012434,0.000000,0.000000
2.940000,0.001381,0.909874,0.601338,-1.608312,-0.000345,-0.000155,0.000144,0.011071,0.000000,0.009369,0.000000,0.000000
2.960000,0.001382,0.909874,0.601338,-1.608319,0.001285,0.000239,-0.000131,-0.005557,0.000000,0.006267,0.000000,0.000000
2.980000,0.001380,0.909873,0.601338,-1.608306,0.000061,0.000041,-0.000100,-0.006510,0.000000,0.003140,0.000000,0.000000
3.000000,0.001383,0.909873,0.601338,-1.608309,0.002017,0.000224,-0.000025,0.012510,0.000000,-0.000000,0.000000,0.000000
3.020000,0.001381,0.909873,0.601339,-1.608323,-0.000858,-0.000163,0.000106,-0.003726,0.000000,-0.003140,0.000000,0.000000
3.040000,0.001382,0.909873,0.601339,-1.608172,-0.000899,-0.000204,0.000133,-0.003016,0.000000,-0.006267,0.000000,0.000000
3.060000,0.001382,0.909873,0.601339,-1.608239,0.000380,-0.000026,-0.000021,-0.003578,0.000000,-0.009369,0.000000,0.000000
3.080000,0.001381,0.909873,0.601339,-1.608278,-0.000847,-0.000162,0.000107,-0.003776,0.000000,-0.012434,0.000000,0.000000
3.100000,0.001381,0.909872,0.601339,-1.608289,-0.000916,-0.000330,0.000141,0.009035,0.000000,-0.015451,0.000000,0.000000
3.120000,0.001383,0.909872,0.601339,-1.608314,0.001159,0.000246,-0.000153,-0.005517,0.000000,-0.018406,0.000000,0.000000
3.140000,0.001381,0.909872,0.601339,-1.608305,0.000516,0.000159,-0.000148,-0.006618,0.000000,-0.021289,0.000000,0.000000
3.160000,0.001382,0.909871,0.601340,-1.608312,-0.000789,-0.000157,0.000093,-0.004784,0.000000,-0.024088,0.000000,0.000000
3.180000,0.001381,0.909871,0.601340,-1.608162,-0.001004,-0.000507,0.000270,0.160862,0.000000,-0.026791,0.000000,0.000000
3.200000,0.001381,0.909871,0.601340,-1.608232,-0.000862,-0.000157,0.000118,-0.003360,0.000000,-0.029389,0.000000,0.000000
3.220000,0.001381,0.909871,0.601340,-1.608290,-0.001175,-0.000243,0.000158,-0.006229,0.000000,-0.031871,0.000000,0.000000
3.240000,0.001383,0.909871,0.601340,-1.608292,0.000356,-0.000150,0.000162,0.010554,0.000000,-0.034227,0.000000,0.000000
3.260000,0.001382,0.909871,0.601340,-1.608308,-0.000747,-0.000129,0.000073,-0.005284,0.000000,-0.036448,0.000000,0.000000
3.280000,0.001382,0.909870,0.601340,-1.608317,-0.000774,-0.000149,0.000072,-0.004162,0.000000,-0.038526,0.000000,0.000000
3.300000,0.001381,0.909870,0.601341,-1.608302,-0.000057,-0.000053,-0.000090,-0.005895,0.000000,-0.040451,0.000000,0.000000
3.320000,0.001383,0.909870,0.601340,-1.608169,0.000459,0.000044,-0.000081,-0.003616,0.000000,-0.042216,0.000000,0.000000
3.340000,0.001383,0.909870,0.601340,-1.608202,-0.000887,-0.000205,0.000145,-0.002945,0.000000,-0.043815,0.000000,0.000000
3.360000,0.001383,0.909870,0.601340,-1.608279,-0.000800,-0.000166,0.000124,-0.003925,0.000000,-0.045241,0.000000,0.000000
3.380000,0.001382,0.909870,0.601341,-1.608288,-0.001084,-0.000361,0.000134,0.009383,0.000000,-0.046489,0.000000,0.000000
3.400000,0.001382,0.909870,0.601341,-1.608291,-0.001013,-0.000370,0.000135,0.009706,0.000000,-0.047553,0.000000,0.000000
3.420000,0.001384,0.909870,0.601341,-1.608308,0.000840,0.000129,-0.000095,-0.005576,0.000000,-0.048429,0.000000,0.000000
3.440000,0.001383,0.909870,0.601341,-1.608311,-0.000829,-0.000164,0.000098,-0.004724,0.000000,-0.049114,0.000000,0.000000
3.460000,0.001382,0.909869,0.601341,-1.608294,-0.002206,-0.000439,0.000372,0.012666,0.000000,-0.049606,0.000000,0.000000
3.480000,0.001384,0.909870,0.601341,-1.608164,0.000443,0.000483,-0.000250,-0.005018,0.000000,-0.049901,0.000000,0.000000
3.500000,0.001383,0.909870,0.601341,-1.608197,-0.000868,-0.000191,0.000135,-0.002908,0.000000,-0.050000,0.000000,0.000000
3.520000,0.001384,0.909870,0.601340,-1.608272,0.000733,0.000088,-0.000047,-0.004391,0.000000,-0.049901,0.000000,0.000000
3.540000,0.001385,0.909870,0.601341,-1.608293,-0.000622,-0.000147,0.000091,-0.006724,0.000000,-0.049606,0.000000,0.000000
3.560000,0.001384,0.909870,0.601341,-1.608308,0.000868,0.000159,-0.000134,-0.005822,0.000000,-0.049114,0.000000,0.000000
3.580000,0.001382,0.909869,0.601341,-1.608297,-0.000160,-0.000012,-0.000063,-0.006854,0.000000,-0.048429,0.000000,0.000000
3.600000,0.001384,0.909870,0.601341,-1.608302,0.000496,-0.000075,0.000086,0.011532,0.000000,-0.047553,0.000000,0.000000
3.620000,0.001385,0.909870,0.601341,-1.608310,-0.000530,-0.000097,0.000039,-0.005229,0.000000,-0.046489,0.000000,0.000000
3.640000,0.001384,0.909870,0.601341,-1.608160,-0.000893,-0.000558,0.000302,0.161026,0.000000,-0.045241,0.000000,0.000000
3.660000,0.001385,0.909870,0.601341,-1.608195,0.000739,0.000092,-0.000048,-0.003510,0.000000,-0.043815,0.000000,0.000000
3.680000,0.001384,0.909870,0.601340,-1.608270,0.000275,-0.000058,0.000003,-0.003990,0.000000,-0.042216,0.000000,0.000000
3.700000,0.001384,0.909870,0.601340,-1.608151,-0.000833,-0.000167,0.000117,-0.004288,0.000000,-0.040451,0.000000,0.000000
3.720000,0.001385,0.909870,0.601340,-1.608197,0.000901,0.000127,-0.000074,-0.005047,0.000000,-0.038526,0.000000,0.000000
3.740000,0.001383,0.909870,0.601340,-1.608266,-0.001055,-0.000463,0.000210,0.008235,0.000000,-0.036448,0.000000,0.000000
3.760000,0.001383,0.909870,0.601340,-1.608287,-0.000006,-0.000019,-0.000089,-0.008047,0.000000,-0.034227,0.000000,0.000000
3.780000,0.001383,0.909870,0.601340,-1.608291,-0.000979,-0.000365,0.000149,0.009417,0.000000,-0.031871,0.000000,0.000000
3.800000,0.001385,0.909871,0.601340,-1.608312,0.001158,0.000210,-0.000133,-0.005504,0.000000,-0.029389,0.000000,0.000000
3.820000,0.001383,0.909871,0.601341,-1.608297,-0.001723,-0.000256,0.000173,-0.006260,0.000000,-0.026791,0.000000,0.000000
3.840000,0.001385,0.909871,0.601340,-1.608189,0.000482,-0.000042,-0.000011,-0.003242,0.000000,-0.024088,0.000000,0.000000
3.860000,0.001385,0.909871,0.601340,-1.608224,-0.000927,-0.000219,0.000158,-0.003205,0.000000,-0.021289,0.000000,0.000000
3.880000,0.001385,0.909872,0.601339,-1.608145,-0.000681,0.000287,-0.000070,-0.005708,0.000000,-0.018406,0.000000,0.000000
3.900000,0.001386,0.909872,0.601339,-1.608192,0.000358,-0.000036,-0.000028,-0.004643,0.000000,-0.015451,0.000000,0.000000
3.920000,0.001385,0.909872,0.601339,-1.608275,-0.001205,-0.000238,0.000161,-0.007501,0.000000,-0.012434,0.000000,0.000000
3.940000,0.001384,0.909872,0.601340,-1.608280,-0.002702,-0.000647,0.000518,0.010960,0.000000,-0.009369,0.000000,0.000000
3.960000,0.001385,0.909872,0.601339,-1.608300,-0.001004,-0.000137,0.000083,-0.006544,0.000000,-0.006267,0.000000,0.000000
3.980000,0.001386,0.909873,0.601339,-1.608304,0.000892,0.000069,-0.000085,-0.006182,0.000000,-0.003140,0.000000,0.000000
4.000000,0.001386,0.909872,0.601339,-1.608307,0.000319,-0.000112,0.000125,0.011107,0.000000,0.000000,0.000000,0.000000
4.020000,0.001384,0.909872,0.601339,-1.608297,-0.002120,-0.000416,0.000357,0.012193,0.000000,0.003140,0.000000,0.000000
4.040000,0.001387,0.909873,0.601339,-1.608317,0.001336,0.000245,-0.000151,-0.005344,0.000000,0.006267,0.000000,0.000000
4.060000,0.001385,0.909873,0.601339,-1.608180,0.000522,-0.000112,0.000008,-0.003094,0.000000,0.009369,0.000000,0.000000
4.080000,0.001387,0.909873,0.601338,-1.608214,0.001307,0.000195,-0.000102,-0.003881,0.000000,0.012434,0.000000,0.000000
4.100000,0.001387,0.909874,0.601338,-1.608292,0.001346,0.000201,-0.000111,-0.004829,0.000000,0.015451,0.000000,0.000000
4.120000,0.001386,0.909874,0.601338,-1.608305,0.001532,0.000171,-0.000130,-0.006731,0.000000,0.018406,0.000000,0.000000
4.140000,0.001387,0.909874,0.601338,-1.608302,0.000715,0.000203,-0.000182,-0.007538,0.000000,0.021289,0.000000,0.000000
4.160000,0.001387,0.909874,0.601338,-1.608318,0.000641,-0.000031,-0.000034,-0.005173,0.000000,0.024088,0.000000,0.000000
4.180000,0.001385,0.909874,0.601338,-1.608306,0.000280,0.000047,-0.000137,-0.006614,0.000000,0.026791,0.000000,0.000000
4.200000,0.001386,0.909875,0.601338,-1.608178,-0.000829,-0.000194,0.000132,-0.003049,0.000000,0.029389,0.000000,0.000000
4.220000,0.001388,0.909875,0.601338,-1.608212,0.001396,0.000217,-0.000115,-0.003924,0.000000,0.031871,0.000000,0.000000
4.240000,0.001387,0.909875,0.601337,-1.608289,0.000783,0.000011,-0.000042,-0.004350,0.000000,0.034227,0.000000,0.000000
4.260000,0.001387,0.909875,0.601338,-1.608303,0.001269,0.000159,-0.000149,-0.006830,0.000000,0.036448,0.000000,0.000000
4.280000,0.001385,0.909874,0.601338,-1.608296,-0.002592,-0.000530,0.000439,0.011630,0.000000,0.038526,0.000000,0.000000
4.300000,0.001390,0.909876,0.601338,-1.608306,-0.000643,-0.000242,0.000093,-0.005905,0.000000,0.040451,0.000000,0.000000
4.320000,0.001386,0.909875,0.601338,-1.608317,-0.001392,-0.000223,0.000147,-0.004706,0.000000,0.042216,0.000000,0.000000
4.340000,0.001386,0.909875,0.601338,-1.608322,-0.001386,-0.000259,0.000172,-0.004151,0.000000,0.043815,0.000000,0.000000
4.360000,0.001388,0.909876,0.601337,-1.608308,0.000172,0.000077,-0.000142,-0.006595,0.000000,0.045241,0.000000,0.000000
4.380000,0.001387,0.909876,0.601337,-1.608220,-0.000783,-0.000162,0.000121,-0.003134,0.000000,0.046489,0.000000,0.000000
4.400000,0.001387,0.909876,0.601337,-1.608257,-0.000778,-0.000156,0.000123,-0.003592,0.000000,0.047553,0.000000,0.000000
4.420000,0.001388,0.909876,0.601337,-1.608183,-0.000791,-0.000168,0.000133,-0.004284,0.000000,0.048429,0.000000,0.000000
4.440000,0.001388,0.909876,0.601337,-1.608231,-0.000785,-0.000161,0.000135,-0.004716,0.000000,0.049114,0.000000,0.000000
4.460000,0.001389,0.909876,0.601337,-1.608288,0.000864,0.000234,-0.000185,-0.009114,0.000000,0.049606,0.000000,0.000000
4.480000,0.001389,0.909876,0.601337,-1.608307,0.001551,0.000169,-0.000119,-0.006810,0.000000,0.049901,0.000000,0.000000
4.500000,0.001387,0.909876,0.601338,-1.608297,-0.002640,-0.000629,0.000499,0.012188,0.000000,0.050000,0.000000,0.000000
4.520000,0.001389,0.909876,0.601337,-1.608312,0.001504,0.000178,-0.000145,-0.006056,0.000000,0.049901,0.000000,0.000000
4.540000,0.001387,0.909876,0.601337,-1.608300,-0.002163,-0.000442,0.000376,0.012037,0.000000,0.049606,0.000000,0.000000
4.560000,0.001389,0.909876,0.601337,-1.608315,0.001540,0.000155,-0.000084,-0.006175,0.000000,0.049114,0.000000,0.000000
4.580000,0.001389,0.909876,0.601337,-1.608326,0.000825,0.000013,-0.000021,-0.004726,0.000000,0.048429,0.000000,0.000000
4.600000,0.001389,0.909876,0.601337,-1.608311,0.000216,0.000084,-0.000131,-0.006479,0.000000,0.047553,0.000000,0.000000
4.620000,0.001389,0.909876,0.601337,-1.608220,0.000774,-0.000043,-0.000029,-0.003249,0.000000,0.046489,0.000000,0.000000
4.640000,0.001390,0.909876,0.601337,-1.608256,-0.000789,-0.000203,0.000146,-0.003357,0.000000,0.045241,0.000000,0.000000
4.660000,0.001392,0.909876,0.601337,-1.608291,0.002916,0.000494,-0.000112,0.010747,0.000000,0.043815,0.000000,0.000000
4.680000,0.001390,0.909876,0.601337,-1.608306,0.001476,0.000167,-0.000143,-0.006684,0.000000,0.042216,0.000000,0.000000
4.700000,0.001390,0.909876,0.601337,-1.608321,0.000756,0.000051,-0.000105,-0.004881,0.000000,0.040451,0.000000,0.000000
4.720000,0.001390,0.909876,0.601338,-1.608312,0.001468,0.000165,-0.000139,-0.006061,0.000000,0.038526,0.000000,0.000000
4.740000,0.001390,0.909875,0.601338,-1.608311,0.000342,-0.000144,0.000141,0.011038,0.000000,0.036448,0.000000,0.000000
4.760000,0.001391,0.909876,0.601337,-1.608320,0.001350,0.000220,-0.000101,-0.005825,0.000000,0.034227,0.000000,0.000000
4.780000,0.001390,0.909875,0.601338,-1.608186,-0.000818,-0.000181,0.000125,-0.002871,0.000000,0.031871,0.000000,0.000000
4.800000,0.001390,0.909875,0.601338,-1.608254,-0.000752,-0.000148,0.000115,-0.003488,0.000000,0.029389,0.000000,0.000000
4.820000,0.001390,0.909875,0.601338,-1.608295,-0.000751,-0.000143,0.000116,-0.003997,0.000000,0.026791,0.000000,0.000000
4.840000,0.001390,0.909874,0.601338,-1.608308,-0.000619,-0.000103,0.000061,-0.005543,0.000000,0.024088,0.000000,0.000000
4.860000,0.001389,0.909874,0.601339,-1.608302,0.000359,0.000051,-0.000159,-0.006695,0.000000,0.021289,0.000000,0.000000
4.880000,0.001391,0.909874,0.601338,-1.608319,-0.000938,-0.000226,0.000144,-0.004526,0.000000,0.018406,0.000000,0.000000
4.900000,0.001391,0.909874,0.601339,-1.608312,0.000286,-0.000158,0.000149,0.011529,0.000000,0.015451,0.000000,0.000000
4.920000,0.001391,0.909874,0.601339,-1.608319,0.000642,-0.000037,-0.000020,-0.004936,0.000000,0.012434,0.000000,0.000000
4.940000,0.001390,0.909873,0.601339,-1.608181,0.000591,-0.000114,0.000006,-0.003035,0.000000,0.009369,0.000000,0.000000
4.960000,0.001391,0.909874,0.601339,-1.608250,-0.000707,-0.000165,0.000120,-0.003464,0.000000,0.006267,0.000000,0.000000
4.980000,0.001392,0.909874,0.601339,-1.608291,0.000560,0.000016,-0.000067,-0.004304,0.000000,0.003140,0.000000,0.000000
5.000000,0.001392,0.909873,0.601339,-1.608220,0.000534,0.000022,-0.000068,-0.004922,0.000000,0.000000,0.000000,0.000000
5.020000,0.001391,0.909873,0.601339,-1.608272,-0.000853,-0.000167,0.000130,-0.005179,0.000000,-0.003140,0.000000,0.000000
5.040000,0.001390,0.909872,0.601340,-1.608279,-0.002817,-0.000691,0.000557,0.010696,0.000000,-0.006267,0.000000,0.000000
5.060000,0.001391,0.909872,0.601340,-1.608308,-0.000833,-0.000177,0.000109,-0.005333,0.000000,-0.009369,0.000000,0.000000
5.080000,0.001391,0.909872,0.601340,-1.608304,0.000539,0.000177,-0.000159,-0.006959,0.000000,-0.012434,0.000000,0.000000
5.100000,0.001391,0.909872,0.601340,-1.608312,-0.000824,-0.000178,0.000104,-0.004810,0.000000,-0.015451,0.000000,0.000000
5.120000,0.001392,0.909872,0.601340,-1.608187,0.000470,-0.000002,-0.000042,-0.003362,0.000000,-0.018406,0.000000,0.000000
5.140000,0.001392,0.909872,0.601340,-1.608261,0.000352,-0.000041,-0.000016,-0.004004,0.000000,-0.021289,0.000000,0.000000
5.160000,0.001392,0.909871,0.601340,-1.608141,0.000385,-0.000474,0.000284,0.160047,0.000000,-0.024088,0.000000,0.000000
5.180000,0.001393,0.909872,0.601340,-1.608239,0.000987,0.000134,-0.000080,-0.005596,0.000000,-0.026791,0.000000,0.000000
5.200000,0.001393,0.909871,0.601340,-1.608283,-0.000400,-0.000086,0.000045,-0.008330,0.000000,-0.029389,0.000000,0.000000
5.220000,0.001393,0.909871,0.601341,-1.608289,0.000330,-0.000157,0.000161,0.010145,0.000000,-0.031871,0.000000,0.000000
5.240000,0.001391,0.909871,0.601341,-1.608312,-0.000778,-0.000149,0.000087,-0.005078,0.000000,-0.034227,0.000000,0.000000
5.260000,0.001391,0.909870,0.601341,-1.608303,0.000319,-0.000190,0.000010,-0.005546,0.000000,-0.036448,0.000000,0.000000
5.280000,0.001393,0.909870,0.601341,-1.608308,0.000754,0.000039,-0.000074,-0.005783,0.000000,-0.038526,0.000000,0.000000
5.300000,0.001392,0.909870,0.601341,-1.608173,0.000411,-0.000175,0.000062,-0.003085,0.000000,-0.040451,0.000000,0.000000
5.320000,0.001393,0.909871,0.601341,-1.608207,0.000759,0.000096,-0.000050,-0.003644,0.000000,-0.042216,0.000000,0.000000
5.340000,0.001393,0.909870,0.601341,-1.608284,0.000272,-0.000060,-0.000002,-0.004180,0.000000,-0.043815,0.000000,0.000000
5.360000,0.001393,0.909870,0.601341,-1.608296,0.001072,0.000132,-0.000066,-0.006906,0.000000,-0.045241,0.000000,0.000000
5.380000,0.001392,0.909870,0.601342,-1.608294,-0.000020,0.000093,-0.000064,-0.007575,0.000000,-0.046489,0.000000,0.000000
5.400000,0.001394,0.909870,0.601341,-1.608309,0.000840,0.000130,-0.000097,-0.005602,0.000000,-0.047553,0.000000,0.000000
5.420000,0.001392,0.909870,0.601342,-1.608292,-0.001792,-0.000406,0.000343,0.011993,0.000000,-0.048429,0.000000,0.000000
5.440000,0.001391,0.909869,0.601342,-1.608297,-0.002429,-0.000540,0.000431,0.012674,0.000000,-0.049114,0.000000,0.000000
5.460000,0.001393,0.909870,0.601342,-1.608316,-0.000900,-0.000198,0.000116,-0.004141,0.000000,-0.049606,0.000000,0.000000
5.480000,0.001393,0.909870,0.601342,-1.608199,-0.000868,-0.000192,0.000136,-0.002920,0.000000,-0.049901,0.000000,0.000000
5.500000,0.001393,0.909870,0.601341,-1.608234,0.000264,-0.000061,0.000005,-0.003547,0.000000,-0.050000,0.000000,0.000000
5.520000,0.001393,0.909870,0.601341,-1.608155,0.000398,-0.000202,0.000085,-0.004166,0.000000,-0.049901,0.000000,0.000000
5.540000,0.001394,0.909870,0.601341,-1.608202,0.000731,0.000091,-0.000056,-0.005008,0.000000,-0.049606,0.000000,0.000000
5.560000,0.001392,0.909869,0.601341,-1.608275,0.000491,0.000134,-0.000063,-0.008834,0.000000,-0.049114,0.000000,0.000000
5.580000,0.001392,0.909869,0.601342,-1.608292,0.000173,-0.000224,0.000027,-0.006589,0.000000,-0.048429,0.000000,0.000000
5.600000,0.001393,0.909869,0.601342,-1.608286,-0.001783,-0.000411,0.000357,0.011222,0.000000,-0.047553,0.000000,0.000000
5.620000,0.001395,0.909870,0.601342,-1.608308,0.000847,0.000131,-0.000094,-0.005671,0.000000,-0.046489,0.000000,0.000000
5.640000,0.001393,0.909870,0.601342,-1.608292,-0.001788,-0.000405,0.000343,0.011958,0.000000,-0.045241,0.000000,0.000000
5.660000,0.001395,0.909870,0.601341,-1.608165,0.000831,0.000610,-0.000317,-0.005421,0.000000,-0.043815,0.000000,0.000000
5.680000,0.001394,0.909870,0.601341,-1.608199,0.000268,-0.000056,-0.000002,-0.003233,0.000000,-0.042216,0.000000,0.000000
5.700000,0.001394,0.909870,0.601341,-1.608276,0.000274,-0.000059,-0.000001,-0.004119,0.000000,-0.040451,0.000000,0.000000
5.720000,0.001392,0.909870,0.601341,-1.608283,-0.001090,-0.000472,0.000213,0.009336,0.000000,-0.038526,0.000000,0.000000
5.740000,0.001394,0.909870,0.601341,-1.608287,-0.001750,-0.000396,0.000340,0.010991,0.000000,-0.036448,0.000000,0.000000
5.760000,0.001393,0.909870,0.601342,-1.608301,-0.000288,-0.000020,-0.000098,-0.006148,0.000000,-0.034227,0.000000,0.000000
5.780000,0.001397,0.909871,0.601341,-1.608303,0.002244,0.000359,-0.000077,0.012063,0.000000,-0.031871,0.000000,0.000000
5.800000,0.001395,0.909871,0.601341,-1.608183,0.000307,-0.000035,-0.000022,-0.003253,0.000000,-0.029389,0.000000,0.000000
5.820000,0.001395,0.909871,0.601341,-1.608217,-0.000915,-0.000213,0.000153,-0.003129,0.000000,-0.026791,0.000000,0.000000
5.840000,0.001395,0.909871,0.601340,-1.608299,0.000983,0.000133,-0.000070,-0.004893,0.000000,-0.024088,0.000000,0.000000
5.860000,0.001396,0.909871,0.601340,-1.608183,0.000962,0.000137,-0.000079,-0.005014,0.000000,-0.021289,0.000000,0.000000
5.880000,0.001396,0.909871,0.601340,-1.608123,0.001016,-0.000266,0.000244,0.158578,0.000000,-0.018406,0.000000,0.000000
5.900000,0.001395,0.909872,0.601340,-1.608183,-0.000850,-0.000181,0.000152,-0.005500,0.000000,-0.015451,0.000000,0.000000
5.920000,0.001396,0.909872,0.601340,-1.608266,-0.000192,-0.000003,0.000008,-0.010093,0.000000,-0.012434,0.000000,0.000000
5.940000,0.001397,0.909872,0.601340,-1.608285,-0.000604,-0.000186,0.000050,-0.008031,0.000000,-0.009369,0.000000,0.000000
5.960000,0.001397,0.909873,0.601340,-1.608291,0.002818,0.000516,-0.000155,0.011071,0.000000,-0.006267,0.000000,0.000000
5.980000,0.001395,0.909872,0.601340,-1.608291,-0.001787,-0.000421,0.000360,0.011575,0.000000,-0.003140,0.000000,0.000000
6.000000,0.001395,0.909872,0.601340,-1.608314,-0.000810,-0.000171,0.000106,-0.004931,0.000000,-0.000000,0.000000,0.000000
6.020000,0.001397,0.909873,0.601340,-1.608307,0.001703,0.000206,-0.000029,0.012285,0.000000,0.003140,0.000000,0.000000
6.040000,0.001396,0.909873,0.601340,-1.608310,0.000899,0.000077,-0.000088,-0.005859,0.000000,0.006267,0.000000,0.000000
6.060000,0.001396,0.909873,0.601339,-1.608197,0.000591,-0.000016,-0.000027,-0.003253,0.000000,0.009369,0.000000,0.000000
6.080000,0.001397,0.909874,0.601339,-1.608233,0.001113,0.000165,-0.000085,-0.004038,0.000000,0.012434,0.000000,0.000000
6.100000,0.001398,0.909874,0.601339,-1.608289,0.001628,0.000436,-0.000279,-0.008489,0.000000,0.015451,0.000000,0.000000
6.120000,0.001396,0.909873,0.601339,-1.608303,0.001577,0.000147,-0.000128,-0.006681,0.000000,0.018406,0.000000,0.000000
6.140000,0.001397,0.909874,0.601339,-1.608310,-0.001649,-0.000381,0.000251,-0.005021,0.000000,0.021289,0.000000,0.000000
6.160000,0.001397,0.909874,0.601339,-1.608310,0.001000,0.000109,-0.000096,-0.006254,0.000000,0.024088,0.000000,0.000000
6.180000,0.001396,0.909874,0.601339,-1.608302,-0.000443,-0.000153,0.000072,0.009560,0.000000,0.026791,0.000000,0.000000
6.200000,0.001396,0.909875,0.601339,-1.608218,-0.000759,-0.000179,0.000128,-0.003090,0.000000,0.029389,0.000000,0.000000
6.220000,0.001397,0.909875,0.601338,-1.608256,0.001393,0.000211,-0.000111,-0.004425,0.000000,0.031871,0.000000,0.000000
6.240000,0.001396,0.909875,0.601338,-1.608181,-0.000767,-0.000148,0.000116,-0.004315,0.000000,0.034227,0.000000,0.000000
6.260000,0.001396,0.909875,0.601338,-1.608229,-0.000756,-0.000138,0.000119,-0.004758,0.000000,0.036448,0.000000,0.000000
6.280000,0.001396,0.909875,0.601338,-1.608283,0.000006,-0.000008,-0.000120,-0.008696,0.000000,0.038526,0.000000,0.000000
6.300000,0.001398,0.909875,0.601338,-1.608302,0.001348,0.000202,-0.000101,-0.007650,0.000000,0.040451,0.000000,0.000000
6.320000,0.001396,0.909875,0.601339,-1.608296,-0.002602,-0.000610,0.000487,0.011760,0.000000,0.042216,0.000000,0.000000
6.340000,0.001399,0.909875,0.601338,-1.608306,0.000268,-0.000301,0.000235,0.011900,0.000000,0.043815,0.000000,0.000000
6.360000,0.001395,0.909875,0.601339,-1.608303,-0.002607,-0.000525,0.000428,0.012207,0.000000,0.045241,0.000000,0.000000
6.380000,0.001396,0.909875,0.601338,-1.608315,0.000437,0.000075,-0.000132,-0.005967,0.000000,0.046489,0.000000,0.000000
6.400000,0.001398,0.909876,0.601338,-1.608315,0.000308,-0.000162,0.000147,0.011812,0.000000,0.047553,0.000000,0.000000
6.420000,0.001397,0.909876,0.601338,-1.608310,-0.000560,-0.000291,0.000107,0.009963,0.000000,0.048429,0.000000,0.000000
6.440000,0.001397,0.909876,0.601338,-1.608329,-0.000883,-0.000182,0.000120,-0.003744,0.000000,0.049114,0.000000,0.000000
6.460000,0.001399,0.909876,0.601338,-1.608211,0.001518,0.000245,-0.000133,-0.003843,0.000000,0.049606,0.000000,0.000000
6.480000,0.001397,0.909876,0.601338,-1.608245,-0.001362,-0.000264,0.000191,-0.003097,0.000000,0.049901,0.000000,0.000000
6.500000,0.001397,0.909876,0.601338,-1.608303,-0.001499,-0.000332,0.000236,-0.005423,0.000000,0.050000,0.000000,0.000000
6.520000,0.001399,0.909876,0.601338,-1.608304,-0.000586,-0.000139,0.000090,-0.006520,0.000000,0.049901,0.000000,0.000000
6.540000,0.001397,0.909876,0.601338,-1.608305,0.000215,0.000024,-0.000166,-0.006538,0.000000,0.049606,0.000000,0.000000
6.560000,0.001398,0.909876,0.601338,-1.608318,-0.000655,-0.000133,0.000080,-0.004924,0.000000,0.049114,0.000000,0.000000
6.580000,0.001397,0.909876,0.601338,-1.608309,0.000446,0.000060,-0.000118,-0.006847,0.000000,0.048429,0.000000,0.000000
6.600000,0.001398,0.909876,0.601338,-1.608321,-0.000644,-0.000127,0.000073,-0.004794,0.000000,0.047553,0.000000,0.000000
6.620000,0.001397,0.909876,0.601338,-1.608310,0.000451,0.000060,-0.000105,-0.006679,0.000000,0.046489,0.000000,0.000000
6.640000,0.001400,0.909876,0.601338,-1.608317,0.001162,0.000144,-0.000103,-0.005858,0.000000,0.045241,0.000000,0.000000
6.660000,0.001398,0.909876,0.601338,-1.608191,-0.001387,-0.000275,0.000195,-0.002625,0.000000,0.043815,0.000000,0.000000
6.680000,0.001398,0.909876,0.601338,-1.608260,-0.001342,-0.000257,0.000187,-0.003291,0.000000,0.042216,0.000000,0.000000
6.700000,0.001400,0.909876,0.601338,-1.608302,0.001511,0.000236,-0.000133,-0.004894,0.000000,0.040451,0.000000,0.000000
6.720000,0.001399,0.909875,0.601338,-1.608312,-0.000586,-0.000107,0.000063,-0.005445,0.000000,0.038526,0.000000,0.000000
6.740000,0.001400,0.909875,0.601339,-1.608310,0.000298,-0.000148,0.000141,0.011261,0.000000,0.036448,0.000000,0.000000
6.760000,0.001401,0.909876,0.601338,-1.608318,0.001490,0.000278,-0.000177,-0.005731,0.000000,0.034227,0.000000,0.000000
6.780000,0.001400,0.909875,0.601339,-1.608314,0.000310,-0.000149,0.000147,0.011665,0.000000,0.031871,0.000000,0.000000
6.800000,0.001401,0.909875,0.601338,-1.608321,0.001328,0.000213,-0.000102,-0.005815,0.000000,0.029389,0.000000,0.000000
6.820000,0.001399,0.909875,0.601339,-1.608329,-0.000920,-0.000195,0.000129,-0.003690,0.000000,0.026791,0.000000,0.000000
6.840000,0.001399,0.909875,0.601339,-1.608199,-0.000753,-0.000148,0.000107,-0.002893,0.000000,0.024088,0.000000,0.000000
6.860000,0.001400,0.909875,0.601339,-1.608271,0.000768,0.000007,-0.000039,-0.004005,0.000000,0.021289,0.000000,0.000000
6.880000,0.001399,0.909874,0.601339,-1.608305,0.001610,0.000155,-0.000098,-0.006970,0.000000,0.018406,0.000000,0.000000
6.900000,0.001398,0.909874,0.601340,-1.608301,0.000337,0.000047,-0.000155,-0.006877,0.000000,0.015451,0.000000,0.000000
6.920000,0.001401,0.909874,0.601340,-1.608316,0.001522,0.000284,-0.000181,-0.005733,0.000000,0.012434,0.000000,0.000000
6.940000,0.001399,0.909873,0.601340,-1.608306,0.000119,-0.000005,-0.000114,-0.006191,0.000000,0.009369,0.000000,0.000000
6.960000,0.001399,0.909873,0.601340,-1.608177,-0.001336,-0.000256,0.000176,-0.002940,0.000000,0.006267,0.000000,0.000000
6.980000,0.001401,0.909873,0.601340,-1.608247,0.000561,-0.000017,-0.000028,-0.003801,0.000000,0.003140,0.000000,0.000000
7.000000,0.001402,0.909874,0.601340,-1.608289,0.001106,0.000163,-0.000093,-0.004747,0.000000,0.000000,0.000000,0.000000
7.020000,0.001403,0.909873,0.601340,-1.608284,0.002681,0.000427,-0.000059,0.010168,0.000000,-0.003140,0.000000,0.000000
7.040000,0.001401,0.909873,0.601340,-1.608309,0.001138,0.000195,-0.000088,-0.006549,0.000000,-0.006267,0.000000,0.000000
7.060000,0.001399,0.909872,0.601341,-1.608301,0.000226,0.000008,-0.000091,-0.006899,0.000000,-0.009369,0.000000,0.000000
7.080000,0.001402,0.909872,0.601341,-1.608305,0.000349,-0.000220,0.000190,0.011763,0.000000,-0.012434,0.000000,0.000000
7.100000,0.001402,0.909872,0.601341,-1.608312,0.000254,-0.000256,0.000217,0.012059,0.000000,-0.015451,0.000000,0.000000
7.120000,0.001401,0.909872,0.601341,-1.608315,-0.000816,-0.000170,0.000102,-0.004709,0.000000,-0.018406,0.000000,0.000000
7.140000,0.001402,0.909872,0.601341,-1.608318,0.001148,0.000206,-0.000122,-0.005430,0.000000,-0.021289,0.000000,0.000000
7.160000,0.001400,0.909871,0.601341,-1.608300,-0.002304,-0.000463,0.000389,0.012656,0.000000,-0.024088,0.000000,0.000000
7.180000,0.001401,0.909871,0.601342,-1.608303,-0.000097,-0.000002,-0.000086,-0.006413,0.000000,-0.026791,0.000000,0.000000
7.200000,0.001401,0.909871,0.601341,-1.608320,-0.000870,-0.000190,0.000121,-0.004029,0.000000,-0.029389,0.000000,0.000000
7.220000,0.001401,0.909871,0.601342,-1.608201,-0.000855,-0.000164,0.000117,-0.002923,0.000000,-0.031871,0.000000,0.000000
7.240000,0.001401,0.909871,0.601341,-1.608236,-0.000848,-0.000158,0.000117,-0.003309,0.000000,-0.034227,0.000000,0.000000
7.260000,0.001401,0.909871,0.601342,-1.608294,-0.001356,-0.000288,0.000193,-0.006072,0.000000,-0.036448,0.000000,0.000000
7.280000,0.001403,0.909871,0.601342,-1.608299,0.001746,0.000183,0.000015,0.011332,0.000000,-0.038526,0.000000,0.000000
7.300000,0.001401,0.909870,0.601342,-1.608309,-0.000755,-0.000135,0.000077,-0.005171,0.000000,-0.040451,0.000000,0.000000
7.320000,0.001402,0.909870,0.601342,-1.608315,0.000389,-0.000040,-0.000037,-0.004613,0.000000,-0.042216,0.000000,0.000000
7.340000,0.001401,0.909870,0.601342,-1.608302,-0.000116,-0.000008,-0.000081,-0.006582,0.000000,-0.043815,0.000000,0.000000
7.360000,0.001402,0.909870,0.601342,-1.608307,0.000749,0.000030,-0.000056,-0.005744,0.000000,-0.045241,0.000000,0.000000
7.380000,0.001403,0.909870,0.601342,-1.608193,0.000757,0.000096,-0.000053,-0.003488,0.000000,-0.046489,0.000000,0.000000
7.400000,0.001402,0.909870,0.601342,-1.608227,-0.000889,-0.000204,0.000146,-0.003170,0.000000,-0.047553,0.000000,0.000000
7.420000,0.001404,0.909870,0.601342,-1.608280,0.001725,0.000396,-0.000149,0.011254,0.000000,-0.048429,0.000000,0.000000
7.440000,0.001403,0.909870,0.601342,-1.608300,0.001127,0.000194,-0.000121,-0.006563,0.000000,-0.049114,0.000000,0.000000
7.460000,0.001402,0.909869,0.601343,-1.608289,-0.001829,-0.000426,0.000360,0.011448,0.000000,-0.049606,0.000000,0.000000
7.480000,0.001402,0.909870,0.601343,-1.608313,-0.000922,-0.000205,0.000130,-0.004466,0.000000,-0.049901,0.000000,0.000000
7.500000,0.001403,0.909870,0.601342,-1.608320,0.000162,-0.000061,-0.000025,-0.004161,0.000000,-0.050000,0.000000,0.000000
7.520000,0.001404,0.909870,0.601343,-1.608306,0.001622,0.000183,-0.000011,0.012076,0.000000,-0.049901,0.000000,0.000000
7.540000,0.001403,0.909870,0.601343,-1.608308,0.000552,0.000020,-0.000059,-0.005622,0.000000,-0.049606,0.000000,0.000000
7.560000,0.001404,0.909870,0.601342,-1.608216,0.000731,0.000088,-0.000044,-0.003699,0.000000,-0.049114,0.000000,0.000000
7.580000,0.001403,0.909870,0.601342,-1.608253,-0.000874,-0.000192,0.000140,-0.003534,0.000000,-0.048429,0.000000,0.000000
7.600000,0.001402,0.909870,0.601343,-1.608294,-0.001020,-0.000171,0.000109,-0.006438,0.000000,-0.047553,0.000000,0.000000
7.620000,0.001404,0.909870,0.601342,-1.608294,0.000432,-0.000089,0.000121,0.010586,0.000000,-0.046489,0.000000,0.000000
7.640000,0.001403,0.909870,0.601343,-1.608297,-0.000148,-0.000013,-0.000080,-0.006868,0.000000,-0.045241,0.000000,0.000000
7.660000,0.001404,0.909870,0.601342,-1.608305,0.000727,0.000032,-0.000065,-0.005907,0.000000,-0.043815,0.000000,0.000000
7.680000,0.001405,0.909870,0.601342,-1.608306,0.000338,-0.000165,0.000160,0.011538,0.000000,-0.042216,0.000000,0.000000
7.700000,0.001404,0.909870,0.601342,-1.608184,0.000289,-0.000042,-0.000015,-0.003197,0.000000,-0.040451,0.000000,0.000000
7.720000,0.001404,0.909870,0.601342,-1.608218,0.000750,0.000092,-0.000047,-0.003752,0.000000,-0.038526,0.000000,0.000000
7.740000,0.001404,0.909871,0.601342,-1.608299,0.000925,0.000126,-0.000067,-0.004817,0.000000,-0.036448,0.000000,0.000000
7.760000,0.001404,0.909870,0.601342,-1.608300,-0.000956,-0.000122,0.000078,-0.006331,0.000000,-0.034227,0.000000,0.000000
7.780000,0.001404,0.909870,0.601342,-1.608312,-0.000953,-0.000218,0.000140,-0.004716,0.000000,-0.031871,0.000000,0.000000
7.800000,0.001406,0.909871,0.601342,-1.608305,0.002258,0.000364,-0.000079,0.012050,0.000000,-0.029389,0.000000,0.000000
7.820000,0.001405,0.909871,0.601342,-1.608173,0.000868,0.000082,-0.000060,-0.003811,0.000000,-0.026791,0.000000,0.000000
7.840000,0.001404,0.909871,0.601341,-1.608245,0.000345,-0.000043,-0.000010,-0.003840,0.000000,-0.024088,0.000000,0.000000
7.860000,0.001405,0.909871,0.601341,-1.608172,0.000323,-0.000032,-0.000027,-0.004603,0.000000,-0.021289,0.000000,0.000000
7.880000,0.001405,0.909871,0.601341,-1.608221,0.000357,-0.000047,-0.000020,-0.004951,0.000000,-0.018406,0.000000,0.000000
7.900000,0.001404,0.909872,0.601341,-1.608171,-0.000853,-0.000125,0.000121,-0.005598,0.000000,-0.015451,0.000000,0.000000
7.920000,0.001404,0.909872,0.601341,-1.608231,-0.000884,-0.000143,0.000159,-0.006128,0.000000,-0.012434,0.000000,0.000000
7.940000,0.001404,0.909872,0.601341,-1.608285,0.001079,0.000079,-0.000115,-0.008245,0.000000,-0.009369,0.000000,0.000000
7.960000,0.001403,0.909872,0.601341,-1.608295,0.000232,-0.000006,-0.000128,-0.007084,0.000000,-0.006267,0.000000,0.000000
7.980000,0.001404,0.909872,0.601341,-1.608296,-0.000923,-0.000318,0.000117,0.009295,0.000000,-0.003140,0.000000,0.000000
8.000000,0.001405,0.909873,0.601341,-1.608319,-0.000916,-0.000208,0.000134,-0.004375,0.000000,-0.000000,0.000000,0.000000
8.020000,0.001405,0.909872,0.601341,-1.608305,-0.000057,0.000008,-0.000095,-0.006598,0.000000,0.003140,0.000000,0.000000
8.040000,0.001406,0.909873,0.601341,-1.608311,0.000910,0.000083,-0.000091,-0.005852,0.000000,0.006267,0.000000,0.000000
8.060000,0.001405,0.909873,0.601340,-1.608198,0.000590,-0.000016,-0.000027,-0.003240,0.000000,0.009369,0.000000,0.000000
8.080000,0.001406,0.909873,0.601340,-1.608233,0.001112,0.000164,-0.000085,-0.004024,0.000000,0.012434,0.000000,0.000000
8.100000,0.001407,0.909874,0.601340,-1.608289,0.001629,0.000437,-0.000278,-0.008474,0.000000,0.015451,0.000000,0.000000
8.120000,0.001407,0.909874,0.601340,-1.608307,0.001346,0.000246,-0.000154,-0.006662,0.000000,0.018406,0.000000,0.000000
8.140000,0.001403,0.909873,0.601341,-1.608297,-0.002513,-0.000511,0.000424,0.011635,0.000000,0.021289,0.000000,0.000000
8.160000,0.001407,0.909874,0.601340,-1.608317,0.001265,0.000200,-0.000102,-0.005961,0.000000,0.024088,0.000000,0.000000
8.180000,0.001405,0.909874,0.601340,-1.608308,-0.000023,0.000005,-0.000107,-0.006206,0.000000,0.026791,0.000000,0.000000
8.200000,0.001406,0.909874,0.601340,-1.608316,0.001404,0.000149,-0.000116,-0.005674,0.000000,0.029389,0.000000,0.000000
8.220000,0.001406,0.909874,0.601340,-1.608302,-0.001713,-0.000408,0.000342,0.012029,0.000000,0.031871,0.000000,0.000000
8.240000,0.001406,0.909875,0.601339,-1.608216,0.000783,0.000016,-0.000035,-0.003400,0.000000,0.034227,0.000000,0.000000
8.260000,0.001406,0.909875,0.601339,-1.608252,0.000782,0.000013,-0.000039,-0.003810,0.000000,0.036448,0.000000,0.000000
8.280000,0.001407,0.909875,0.601339,-1.608306,0.001422,0.000216,-0.000109,-0.007061,0.000000,0.038526,0.000000,0.000000
8.300000,0.001407,0.909875,0.601339,-1.608306,0.001286,0.000162,-0.000140,-0.006812,0.000000,0.040451,0.000000,0.000000
8.320000,0.001407,0.909875,0.601339,-1.608322,0.000755,0.000051,-0.000104,-0.004877,0.000000,0.042216,0.000000,0.000000
8.340000,0.001407,0.909875,0.601339,-1.608313,0.001460,0.000162,-0.000136,-0.006053,0.000000,0.043815,0.000000,0.000000
8.360000,0.001407,0.909875,0.601339,-1.608325,0.000732,0.000035,-0.000064,-0.004740,0.000000,0.045241,0.000000,0.000000
8.380000,0.001406,0.909875,0.601339,-1.608320,-0.000851,-0.000188,0.000109,-0.005315,0.000000,0.046489,0.000000,0.000000
8.400000,0.001406,0.909876,0.601339,-1.608189,-0.000827,-0.000183,0.000128,-0.002891,0.000000,0.047553,0.000000,0.000000
8.420000,0.001407,0.909876,0.601339,-1.608221,-0.000784,-0.000167,0.000125,-0.003015,0.000000,0.048429,0.000000,0.000000
8.440000,0.001407,0.909876,0.601339,-1.608298,-0.000786,-0.000164,0.000131,-0.003952,0.000000,0.049114,0.000000,0.000000
8.460000,0.001409,0.909876,0.601339,-1.608297,0.000205,-0.000342,0.000271,0.010284,0.000000,0.049606,0.000000,0.000000
8.480000,0.001406,0.909876,0.601339,-1.608304,0.000217,0.000021,-0.000157,-0.006646,0.000000,0.049901,0.000000,0.000000
8.500000,0.001407,0.909876,0.601339,-1.608319,-0.000656,-0.000133,0.000081,-0.004981,0.000000,0.050000,0.000000,0.000000
8.520000,0.001406,0.909876,0.601339,-1.608309,0.000288,0.000025,-0.000125,-0.006392,0.000000,0.049901,0.000000,0.000000
8.540000,0.001407,0.909876,0.601339,-1.608321,-0.000648,-0.000129,0.000075,-0.004816,0.000000,0.049606,0.000000,0.000000
8.560000,0.001408,0.909876,0.601339,-1.608316,0.000378,-0.000133,0.000134,0.011316,0.000000,0.049114,0.000000,0.000000
8.580000,0.001409,0.909876,0.601339,-1.608318,0.001173,0.000149,-0.000107,-0.005883,0.000000,0.048429,0.000000,0.000000
8.600000,0.001409,0.909876,0.601339,-1.608225,0.001518,0.000243,-0.000131,-0.003983,0.000000,0.047553,0.000000,0.000000
8.620000,0.001407,0.909876,0.601339,-1.608261,-0.001358,-0.000261,0.000190,-0.003293,0.000000,0.046489,0.000000,0.000000
8.640000,0.001410,0.909876,0.601339,-1.608300,-0.000632,-0.000256,0.000093,-0.006863,0.000000,0.045241,0.000000,0.000000
8.660000,0.001407,0.909875,0.601339,-1.608305,0.000204,0.000015,-0.000159,-0.006652,0.000000,0.043815,0.000000,0.000000
8.680000,0.001410,0.909876,0.601339,-1.608312,-0.000561,-0.000132,0.000077,-0.005827,0.000000,0.042216,0.000000,0.000000
8.700000,0.001408,0.909875,0.601339,-1.608318,-0.000644,-0.000129,0.000078,-0.005001,0.000000,0.040451,0.000000,0.000000
8.720000,0.001407,0.909875,0.601340,-1.608301,-0.002172,-0.000438,0.000369,0.011848,0.000000,0.038526,0.000000,0.000000
8.740000,0.001409,0.909875,0.601339,-1.608326,-0.001024,-0.000257,0.000157,-0.004182,0.000000,0.036448,0.000000,0.000000
8.760000,0.001409,0.909875,0.601339,-1.608191,0.000769,0.000019,-0.000039,-0.003270,0.000000,0.034227,0.000000,0.000000
8.780000,0.001409,0.909875,0.601339,-1.608261,0.000785,0.000013,-0.000041,-0.003875,0.000000,0.031871,0.000000,0.000000
8.800000,0.001410,0.909875,0.601339,-1.608302,0.000787,0.000013,-0.000047,-0.004373,0.000000,0.029389,0.000000,0.000000
8.820000,0.001411,0.909875,0.601340,-1.608299,0.002098,0.000280,-0.000068,0.011291,0.000000,0.026791,0.000000,0.000000
8.840000,0.001407,0.909874,0.601340,-1.608301,-0.002543,-0.000518,0.000428,0.011756,0.000000,0.024088,0.000000,0.000000
8.860000,0.001411,0.909874,0.601340,-1.608308,0.000335,-0.000244,0.000200,0.012072,0.000000,0.021289,0.000000,0.000000
8.880000,0.001409,0.909874,0.601340,-1.608300,-0.001900,-0.000467,0.000383,0.012021,0.000000,0.018406,0.000000,0.000000
8.900000,0.001410,0.909874,0.601340,-1.608320,-0.000889,-0.000217,0.000136,-0.004559,0.000000,0.015451,0.000000,0.000000
8.920000,0.001410,0.909874,0.601340,-1.608325,-0.000919,-0.000233,0.000152,-0.003838,0.000000,0.012434,0.000000,0.000000
8.940000,0.001409,0.909873,0.601341,-1.608328,-0.001456,-0.000274,0.000187,-0.003405,0.000000,0.009369,0.000000,0.000000
8.960000,0.001410,0.909874,0.601340,-1.608199,0.000600,-0.000015,-0.000030,-0.003168,0.000000,0.006267,0.000000,0.000000
8.980000,0.001410,0.909873,0.601341,-1.608271,-0.000901,-0.000233,0.000172,-0.003536,0.000000,0.003140,0.000000,0.000000
9.000000,0.001411,0.909873,0.601341,-1.608283,0.001486,0.000233,-0.000057,0.011606,0.000000,0.000000,0.000000,0.000000
9.020000,0.001411,0.909873,0.601341,-1.608305,0.000943,0.000073,-0.000069,-0.006727,0.000000,-0.003140,0.000000,0.000000
9.040000,0.001412,0.909873,0.601341,-1.608306,0.001798,0.000209,-0.000010,0.011744,0.000000,-0.006267,0.000000,0.000000
9.060000,0.001411,0.909873,0.601341,-1.608311,0.000892,0.000070,-0.000081,-0.005989,0.000000,-0.009369,0.000000,0.000000
9.080000,0.001410,0.909872,0.601342,-1.608316,-0.000819,-0.000175,0.000106,-0.004691,0.000000,-0.012434,0.000000,0.000000
9.100000,0.001410,0.909872,0.601342,-1.608299,-0.001924,-0.000460,0.000380,0.012080,0.000000,-0.015451,0.000000,0.000000
9.120000,0.001410,0.909871,0.601342,-1.608301,-0.002316,-0.000468,0.000393,0.012645,0.000000,-0.018406,0.000000,0.000000
9.140000,0.001411,0.909871,0.601342,-1.608304,-0.000089,0.000001,-0.000088,-0.006430,0.000000,-0.021289,0.000000,0.000000
9.160000,0.001411,0.909872,0.601342,-1.608321,-0.000892,-0.000201,0.000129,-0.004018,0.000000,-0.024088,0.000000,0.000000
9.180000,0.001411,0.909871,0.601342,-1.608322,-0.000870,-0.000191,0.000122,-0.004037,0.000000,-0.026791,0.000000,0.000000
9.200000,0.001411,0.909871,0.601342,-1.608183,-0.000705,-0.000138,0.000095,-0.002950,0.000000,-0.029389,0.000000,0.000000
9.220000,0.001411,0.909871,0.601342,-1.608216,-0.000858,-0.000163,0.000118,-0.003038,0.000000,-0.031871,0.000000,0.000000
9.240000,0.001411,0.909871,0.601342,-1.608292,-0.000844,-0.000155,0.000111,-0.003997,0.000000,-0.034227,0.000000,0.000000
9.260000,0.001414,0.909871,0.601342,-1.608287,0.002483,0.000432,-0.000097,0.010953,0.000000,-0.036448,0.000000,0.000000
9.280000,0.001412,0.909870,0.601343,-1.608303,0.000794,0.000028,-0.000048,-0.006442,0.000000,-0.038526,0.000000,0.000000
9.300000,0.001411,0.909870,0.601343,-1.608313,-0.000742,-0.000135,0.000078,-0.004932,0.000000,-0.040451,0.000000,0.000000
9.320000,0.001411,0.909870,0.601343,-1.608166,-0.000728,0.000294,-0.000087,-0.004832,0.000000,-0.042216,0.000000,0.000000
9.340000,0.001412,0.909870,0.601343,-1.608237,-0.000887,-0.000201,0.000146,-0.003417,0.000000,-0.043815,0.000000,0.000000
9.360000,0.001412,0.909870,0.601343,-1.608161,-0.000877,-0.000201,0.000151,-0.004277,0.000000,-0.045241,0.000000,0.000000
9.380000,0.001413,0.909870,0.601343,-1.608209,0.000755,0.000093,-0.000060,-0.005152,0.000000,-0.046489,0.000000,0.000000
9.400000,0.001413,0.909870,0.601343,-1.608267,0.002422,0.000290,-0.000023,0.009022,0.000000,-0.047553,0.000000,0.000000
9.420000,0.001414,0.909870,0.601343,-1.608281,0.002491,0.000450,-0.000113,0.009680,0.000000,-0.048429,0.000000,0.000000
9.440000,0.001412,0.909869,0.601343,-1.608301,0.000874,0.000065,-0.000088,-0.006604,0.000000,-0.049114,0.000000,0.000000
9.460000,0.001413,0.909870,0.601343,-1.608303,0.000467,-0.000085,0.000092,0.011339,0.000000,-0.049606,0.000000,0.000000
9.480000,0.001413,0.909870,0.601343,-1.608311,0.001028,0.000182,-0.000107,-0.005684,0.000000,-0.049901,0.000000,0.000000
9.500000,0.001412,0.909869,0.601343,-1.608314,-0.000824,-0.000160,0.000094,-0.004694,0.000000,-0.050000,0.000000,0.000000
9.520000,0.001411,0.909869,0.601344,-1.608296,-0.002201,-0.000437,0.000370,0.012701,0.000000,-0.049901,0.000000,0.000000
9.540000,0.001412,0.909869,0.601344,-1.608297,-0.002201,-0.000437,0.000369,0.012754,0.000000,-0.049606,0.000000,0.000000
9.560000,0.001413,0.909870,0.601343,-1.608166,0.000444,0.000484,-0.000250,-0.004979,0.000000,-0.049114,0.000000,0.000000
9.580000,0.001413,0.909870,0.601343,-1.608199,-0.000868,-0.000193,0.000136,-0.002874,0.000000,-0.048429,0.000000,0.000000
9.600000,0.001414,0.909870,0.601343,-1.608274,0.000737,0.000091,-0.000049,-0.004359,0.000000,-0.047553,0.000000,0.000000
9.620000,0.001414,0.909870,0.601343,-1.608292,-0.000910,-0.000337,0.000143,-0.005941,0.000000,-0.046489,0.000000,0.000000
9.640000,0.001413,0.909870,0.601343,-1.608307,0.000923,0.000135,-0.000089,-0.006401,0.000000,-0.045241,0.000000,0.000000
9.660000,0.001413,0.909870,0.601343,-1.608304,0.000755,0.000021,-0.000049,-0.006312,0.000000,-0.043815,0.000000,0.000000
9.680000,0.001413,0.909870,0.601343,-1.608313,0.001068,0.000147,-0.000120,-0.005482,0.000000,-0.042216,0.000000,0.000000
9.700000,0.001414,0.909870,0.601343,-1.608318,-0.000926,-0.000210,0.000134,-0.004151,0.000000,-0.040451,0.000000,0.000000
9.720000,0.001414,0.909870,0.601343,-1.608191,0.000766,0.000098,-0.000055,-0.003539,0.000000,-0.038526,0.000000,0.000000
9.740000,0.001414,0.909870,0.601343,-1.608225,-0.000905,-0.000209,0.000149,-0.003172,0.000000,-0.036448,0.000000,0.000000
9.760000,0.001415,0.909871,0.601343,-1.608265,0.000786,0.000100,-0.000053,-0.004325,0.000000,-0.034227,0.000000,0.000000
9.780000,0.001415,0.909871,0.601343,-1.608265,0.000786,0.000100,-0.000053,-0.004325,0.000000,-0.031871,0.000000,0.000000
9.800000,0.001414,0.909870,0.601343,-1.608278,0.001398,0.000210,-0.000026,0.011457,0.000000,-0.029389,0.000000,0.000000
9.820000,0.001413,0.909870,0.601343,-1.608298,0.001053,0.000051,-0.000067,-0.006885,0.000000,-0.026791,0.000000,0.000000
9.840000,0.001413,0.909871,0.601343,-1.608299,0.000504,0.000146,-0.000127,-0.007328,0.000000,-0.024088,0.000000,0.000000
9.860000,0.001414,0.909871,0.601343,-1.608291,-0.001845,-0.000477,0.000398,0.011534,0.000000,-0.021289,0.000000,0.000000
9.880000,0.001414,0.909871,0.601343,-1.608291,-0.001845,-0.000477,0.000398,0.011534,0.000000,-0.018406,0.000000,0.000000
9.900000,0.001414,0.909871,0.601342,-1.608317,-0.000875,-0.000184,0.000118,-0.004509,0.000000,-0.015451,0.000000,0.000000
9.920000,0.001415,0.909872,0.601342,-1.608311,0.000271,-0.000236,0.000207,0.011899,0.000000,-0.012434,0.000000,0.000000
9.940000,0.001415,0.909872,0.601342,-1.608311,0.000271,-0.000236,0.000207,0.011899,0.000000,-0.009369,0.000000,0.000000
9.960000,0.001414,0.909872,0.601342,-1.608315,-0.000806,-0.000164,0.000098,-0.004761,0.000000,-0.006267,0.000000,0.000000
9.980000,0.001414,0.909872,0.601342,-1.608318,-0.000807,-0.000169,0.000102,-0.004627,0.000000,-0.003140,0.000000,0.000000
10.000000,0.001413,0.909872,0.601342,-1.608302,-0.002151,-0.000423,0.000363,0.012383,0.000000,-0.000000,0.000000,0.000000
10.020000,0.001416,0.909873,0.601341,-1.608173,0.001210,0.000733,-0.000391,-0.005549,0.000000,0.003140,0.000000,0.000000
10.040000,0.001415,0.909873,0.601341,-1.608205,-0.000896,-0.000227,0.000161,-0.002812,0.000000,0.006267,0.000000,0.000000
10.060000,0.001414,0.909873,0.601341,-1.608280,-0.000871,-0.000170,0.000132,-0.003813,0.000000,0.009369,0.000000,0.000000
10.080000,0.001415,0.909873,0.601341,-1.608303,-0.001152,-0.000174,0.000115,-0.006472,0.000000,0.012434,0.000000,0.000000
10.100000,0.001416,0.909873,0.601341,-1.608314,0.001547,0.000297,-0.000191,-0.006037,0.000000,0.015451,0.000000,0.000000
10.120000,0.001415,0.909874,0.601341,-1.608304,0.000021,0.000031,-0.000098,-0.006969,0.000000,0.018406,0.000000,0.000000
10.140000,0.001415,0.909874,0.601341,-1.608178,-0.000824,-0.000189,0.000127,-0.003155,0.000000,0.021289,0.000000,0.000000
10.160000,0.001416,0.909874,0.601340,-1.608213,0.000558,0.000009,-0.000038,-0.003447,0.000000,0.024088,0.000000,0.000000
10.180000,0.001416,0.909875,0.601340,-1.608291,0.001390,0.000210,-0.000115,-0.004878,0.000000,0.026791,0.000000,0.000000
10.200000,0.001416,0.909874,0.601340,-1.608174,0.000739,0.000001,-0.000041,-0.004611,0.000000,0.029389,0.000000,0.000000
10.220000,0.001416,0.909875,0.601340,-1.608275,0.000774,0.000007,-0.000054,-0.005604,0.000000,0.031871,0.000000,0.000000
10.240000,0.001416,0.909875,0.601340,-1.608230,0.000780,0.000007,-0.000065,-0.006225,0.000000,0.034227,0.000000,0.000000
10.260000,0.001417,0.909875,0.601340,-1.608272,0.000886,-0.000036,-0.000054,-0.008939,0.000000,0.036448,0.000000,0.000000
10.280000,0.001417,0.909875,0.601340,-1.608302,0.001344,0.000200,-0.000110,-0.007799,0.000000,0.038526,0.000000,0.000000
10.300000,0.001416,0.909875,0.601340,-1.608305,0.001276,0.000165,-0.000131,-0.006888,0.000000,0.040451,0.000000,0.000000
10.320000,0.001418,0.909876,0.601340,-1.608306,0.002124,0.000275,-0.000070,0.011845,0.000000,0.042216,0.000000,0.000000
10.340000,0.001414,0.909875,0.601340,-1.608304,-0.002582,-0.000521,0.000421,0.012127,0.000000,0.043815,0.000000,0.000000
10.360000,0.001417,0.909875,0.601340,-1.608327,-0.000929,-0.000232,0.000152,-0.003964,0.000000,0.045241,0.000000,0.000000
10.380000,0.001415,0.909875,0.601340,-1.608311,-0.000563,-0.000296,0.000115,0.009953,0.000000,0.046489,0.000000,0.000000
10.400000,0.001416,0.909876,0.601340,-1.608179,-0.001362,-0.000245,0.000167,-0.002970,0.000000,0.047553,0.000000,0.000000
10.420000,0.001418,0.909876,0.601339,-1.608212,0.001506,0.000242,-0.000131,-0.003847,0.000000,0.048429,0.000000,0.000000
10.440000,0.001418,0.909876,0.601339,-1.608287,0.001528,0.000242,-0.000134,-0.004723,0.000000,0.049114,0.000000,0.000000
10.460000,0.001416,0.909876,0.601340,-1.608305,-0.001492,-0.000331,0.000235,-0.005442,0.000000,0.049606,0.000000,0.000000
10.480000,0.001417,0.909876,0.601340,-1.608317,-0.000596,-0.000116,0.000068,-0.005251,0.000000,0.049901,0.000000,0.000000
10.500000,0.001418,0.909876,0.601340,-1.608313,0.000267,-0.000177,0.000156,0.011360,0.000000,0.050000,0.000000,0.000000
10.520000,0.001417,0.909876,0.601340,-1.608319,-0.000593,-0.000116,0.000067,-0.004767,0.000000,0.049901,0.000000,0.000000
10.540000,0.001418,0.909876,0.601340,-1.608314,0.000285,-0.000161,0.000150,0.011815,0.000000,0.049606,0.000000,0.000000
10.560000,0.001416,0.909876,0.601340,-1.608311,0.000454,0.000062,-0.000106,-0.006686,0.000000,0.049114,0.000000,0.000000
10.580000,0.001417,0.909876,0.601340,-1.608332,-0.000806,-0.000161,0.000103,-0.003904,0.000000,0.048429,0.000000,0.000000
10.600000,0.001417,0.909876,0.601340,-1.608236,-0.000788,-0.000172,0.000130,-0.003156,0.000000,0.047553,0.000000,0.000000
10.620000,0.001417,0.909876,0.601339,-1.608274,-0.000787,-0.000168,0.000131,-0.003622,0.000000,0.046489,0.000000,0.000000
10.640000,0.001418,0.909876,0.601340,-1.608308,0.001746,0.000198,-0.000116,-0.007062,0.000000,0.045241,0.000000,0.000000
10.660000,0.001419,0.909876,0.601340,-1.608310,0.000274,-0.000161,0.000151,0.011226,0.000000,0.043815,0.000000,0.000000
10.680000,0.001418,0.909876,0.601340,-1.608318,-0.000584,-0.000110,0.000063,-0.004907,0.000000,0.042216,0.000000,0.000000
10.700000,0.001419,0.909875,0.601340,-1.608313,0.000314,-0.000152,0.000143,0.011611,0.000000,0.040451,0.000000,0.000000
10.720000,0.001418,0.909875,0.601340,-1.608321,-0.000632,-0.000122,0.000070,-0.004856,0.000000,0.038526,0.000000,0.000000
10.740000,0.001418,0.909875,0.601340,-1.608331,-0.000959,-0.000218,0.000145,-0.003710,0.000000,0.036448,0.000000,0.000000
10.760000,0.001418,0.909875,0.601340,-1.608236,-0.000763,-0.000156,0.000119,-0.003216,0.000000,0.034227,0.000000,0.000000
10.780000,0.001418,0.909875,0.601340,-1.608274,-0.000761,-0.000151,0.000120,-0.003687,0.000000,0.031871,0.000000,0.000000
10.800000,0.001419,0.909875,0.601340,-1.608308,0.001651,0.000170,-0.000104,-0.007020,0.000000,0.029389,0.000000,0.000000
10.820000,0.001418,0.909874,0.601341,-1.608303,0.000165,0.000002,-0.000144,-0.006795,0.000000,0.026791,0.000000,0.000000
10.840000,0.001420,0.909875,0.601341,-1.608319,0.001624,0.000314,-0.000204,-0.005692,0.000000,0.024088,0.000000,0.000000
10.860000,0.001419,0.909874,0.601341,-1.608313,-0.000435,-0.000182,0.000161,0.010962,0.000000,0.021289,0.000000,0.000000
10.880000,0.001419,0.909874,0.601341,-1.608319,-0.000897,-0.000216,0.000135,-0.004698,0.000000,0.018406,0.000000,0.000000
10.900000,0.001419,0.909874,0.601341,-1.608324,-0.000707,-0.000144,0.000089,-0.004406,0.000000,0.015451,0.000000,0.000000
10.920000,0.001422,0.909874,0.601341,-1.608312,0.002538,0.000408,-0.000087,0.012779,0.000000,0.012434,0.000000,0.000000
10.940000,0.001420,0.909874,0.601341,-1.608177,-0.000753,-0.000155,0.000097,-0.003083,0.000000,0.009369,0.000000,0.000000
10.960000,0.001419,0.909873,0.601341,-1.608243,0.000609,-0.000089,-0.000001,-0.003463,0.000000,0.006267,0.000000,0.000000
10.980000,0.001419,0.909873,0.601341,-1.608283,-0.001359,-0.000252,0.000190,-0.003645,0.000000,0.003140,0.000000,0.000000
11.000000,0.001419,0.909873,0.601342,-1.608295,0.000068,0.000036,-0.000088,-0.007984,0.000000,0.000000,0.000000,0.000000
11.020000,0.001422,0.909873,0.601342,-1.608306,0.001795,0.000214,0.000000,0.011531,0.000000,-0.003140,0.000000,0.000000
11.040000,0.001421,0.909873,0.601342,-1.608312,0.000906,0.000073,-0.000078,-0.006050,0.000000,-0.006267,0.000000,0.000000
11.060000,0.001420,0.909872,0.601342,-1.608317,-0.000828,-0.000180,0.000109,-0.004708,0.000000,-0.009369,0.000000,0.000000
11.080000,0.001419,0.909872,0.601343,-1.608302,-0.002568,-0.000587,0.000464,0.012754,0.000000,-0.012434,0.000000,0.000000
11.100000,0.001421,0.909872,0.601342,-1.608320,0.001297,0.000233,-0.000147,-0.005249,0.000000,-0.015451,0.000000,0.000000
11.120000,0.001421,0.909872,0.601343,-1.608320,0.000436,-0.000026,-0.000043,-0.004446,0.000000,-0.018406,0.000000,0.000000
11.140000,0.001419,0.909871,0.601343,-1.608303,-0.002550,-0.000580,0.000458,0.012904,0.000000,-0.021289,0.000000,0.000000
11.160000,0.001420,0.909871,0.601343,-1.608304,-0.000094,-0.000000,-0.000088,-0.006424,0.000000,-0.024088,0.000000,0.000000
11.180000,0.001421,0.909871,0.601343,-1.608322,-0.000881,-0.000196,0.000125,-0.004026,0.000000,-0.026791,0.000000,0.000000
11.200000,0.001421,0.909871,0.601343,-1.608323,-0.000859,-0.000186,0.000118,-0.004044,0.000000,-0.029389,0.000000,0.000000
11.220000,0.001422,0.909871,0.601343,-1.608322,0.001108,0.000236,-0.000148,-0.004973,0.000000,-0.031871,0.000000,0.000000
11.240000,0.001422,0.909871,0.601343,-1.608194,0.000953,0.000137,-0.000078,-0.003530,0.000000,-0.034227,0.000000,0.000000
11.260000,0.001422,0.909871,0.601343,-1.608264,0.000959,0.000129,-0.000066,-0.004277,0.000000,-0.036448,0.000000,0.000000
11.280000,0.001421,0.909870,0.601343,-1.608293,-0.000342,-0.000200,0.000123,0.008739,0.000000,-0.038526,0.000000,0.000000
11.300000,0.001420,0.909870,0.601344,-1.608293,-0.001068,-0.000346,0.000126,0.009414,0.000000,-0.040451,0.000000,0.000000
11.320000,0.001421,0.909870,0.601344,-1.608316,-0.000725,-0.000135,0.000078,-0.004770,0.000000,-0.042216,0.000000,0.000000
11.340000,0.001420,0.909870,0.601344,-1.608303,-0.001719,-0.000257,0.000175,-0.006137,0.000000,-0.043815,0.000000,0.000000
11.360000,0.001422,0.909870,0.601344,-1.608309,0.000750,0.000028,-0.000060,-0.005730,0.000000,-0.045241,0.000000,0.000000
11.380000,0.001422,0.909870,0.601344,-1.608195,0.000755,0.000096,-0.000053,-0.003522,0.000000,-0.046489,0.000000,0.000000
11.400000,0.001422,0.909870,0.601344,-1.608230,-0.000890,-0.000203,0.000145,-0.003210,0.000000,-0.047553,0.000000,0.000000
11.420000,0.001422,0.909870,0.601344,-1.608286,-0.000326,-0.000024,0.000007,-0.007432,0.000000,-0.048429,0.000000,0.000000
11.440000,0.001422,0.909870,0.601344,-1.608304,0.001096,0.000191,-0.000113,-0.006448,0.000000,-0.049114,0.000000,0.000000
11.460000,0.001421,0.909869,0.601344,-1.608298,-0.000145,0.000006,-0.000069,-0.006995,0.000000,-0.049606,0.000000,0.000000
11.480000,0.001422,0.909869,0.601344,-1.608311,0.000939,0.000121,-0.000079,-0.005797,0.000000,-0.049901,0.000000,0.000000
11.500000,0.001420,0.909869,0.601345,-1.608298,-0.002426,-0.000537,0.000427,0.012520,0.000000,-0.050000,0.000000,0.000000
11.520000,0.001422,0.909870,0.601344,-1.608167,0.000445,0.000482,-0.000249,-0.005054,0.000000,-0.049901,0.000000,0.000000
11.540000,0.001423,0.909870,0.601344,-1.608201,0.000722,0.000088,-0.000045,-0.003549,0.000000,-0.049606,0.000000,0.000000
11.560000,0.001422,0.909870,0.601344,-1.608276,0.000267,-0.000064,0.000004,-0.004048,0.000000,-0.049114,0.000000,0.000000
11.580000,0.001423,0.909870,0.601344,-1.608204,0.000264,-0.000057,-0.000010,-0.004658,0.000000,-0.048429,0.000000,0.000000
11.600000,0.001423,0.909870,0.601344,-1.608256,-0.000875,-0.000190,0.000146,-0.005013,0.000000,-0.047553,0.000000,0.000000
11.620000,0.001422,0.909869,0.601344,-1.608289,0.001000,0.000021,-0.000063,-0.007483,0.000000,-0.046489,0.000000,0.000000
11.640000,0.001421,0.909869,0.601344,-1.608295,-0.000416,-0.000081,-0.000077,-0.006724,0.000000,-0.045241,0.000000,0.000000
11.660000,0.001424,0.909870,0.601344,-1.608303,0.001531,0.000175,-0.000009,0.011571,0.000000,-0.043815,0.000000,0.000000
11.680000,0.001422,0.909870,0.601344,-1.608295,-0.001799,-0.000410,0.000346,0.011942,0.000000,-0.042216,0.000000,0.000000
11.700000,0.001422,0.909870,0.601344,-1.608303,-0.000118,-0.000007,-0.000081,-0.006551,0.000000,-0.040451,0.000000,0.000000
11.720000,0.001424,0.909870,0.601344,-1.608182,0.000862,0.000110,-0.000063,-0.003613,0.000000,-0.038526,0.000000,0.000000
11.740000,0.001424,0.909870,0.601343,-1.608253,0.000786,0.000100,-0.000052,-0.004170,0.000000,-0.036448,0.000000,0.000000
11.760000,0.001423,0.909870,0.601343,-1.608295,0.000336,-0.000050,-0.000006,-0.004312,0.000000,-0.034227,0.000000,0.000000
11.780000,0.001424,0.909870,0.601344,-1.608295,0.000464,-0.000095,0.000113,0.010067,0.000000,-0.031871,0.000000,0.000000
11.800000,0.001422,0.909870,0.601344,-1.608300,-0.000126,0.000008,-0.000100,-0.006899,0.000000,-0.029389,0.000000,0.000000
11.820000,0.001425,0.909871,0.601344,-1.608305,0.000411,-0.000142,0.000122,0.011555,0.000000,-0.026791,0.000000,0.000000
11.840000,0.001423,0.909871,0.601344,-1.608297,-0.001863,-0.000430,0.000358,0.011945,0.000000,-0.024088,0.000000,0.000000
11.860000,0.001424,0.909871,0.601343,-1.608318,0.001120,0.000199,-0.000118,-0.005473,0.000000,-0.021289,0.000000,0.000000
11.880000,0.001424,0.909871,0.601343,-1.608321,0.000437,-0.000027,-0.000036,-0.004459,0.000000,-0.018406,0.000000,0.000000
11.900000,0.001423,0.909871,0.601343,-1.608305,-0.000087,0.000002,-0.000086,-0.006458,0.000000,-0.015451,0.000000,0.000000
11.920000,0.001423,0.909871,0.601343,-1.608307,-0.000020,0.000027,-0.000097,-0.006347,0.000000,-0.012434,0.000000,0.000000
11.940000,0.001424,0.909872,0.601343,-1.608174,-0.000895,-0.000182,0.000121,-0.003102,0.000000,-0.009369,0.000000,0.000000
11.960000,0.001424,0.909872,0.601343,-1.608207,-0.000899,-0.000178,0.000129,-0.002911,0.000000,-0.006267,0.000000,0.000000
11.980000,0.001424,0.909872,0.601342,-1.608282,-0.000914,-0.000179,0.000134,-0.003796,0.000000,-0.003140,0.000000,0.000000
12.000000,0.001423,0.909872,0.601342,-1.608294,0.000076,0.000033,-0.000087,-0.007982,0.000000,-0.000000,0.000000,0.000000
12.020000,0.001424,0.909872,0.601342,-1.608292,-0.001862,-0.000447,0.000375,0.011151,0.000000,0.003140,0.000000,0.000000
12.040000,0.001424,0.909873,0.601342,-1.608313,0.001305,0.000118,-0.000085,-0.005862,0.000000,0.006267,0.000000,0.000000
12.060000,0.001425,0.909872,0.601342,-1.608165,0.000682,-0.000464,0.000229,0.160385,0.000000,0.009369,0.000000,0.000000
12.080000,0.001425,0.909873,0.601342,-1.608238,-0.000918,-0.000231,0.000168,-0.003295,0.000000,0.012434,0.000000,0.000000
12.100000,0.001425,0.909873,0.601342,-1.608161,0.000539,-0.000143,0.000014,-0.004373,0.000000,0.015451,0.000000,0.000000
12.120000,0.001424,0.909874,0.601341,-1.608209,-0.000787,-0.000138,0.000109,-0.004596,0.000000,0.018406,0.000000,0.000000
12.140000,0.001424,0.909874,0.601341,-1.608283,0.000228,-0.000011,-0.000118,-0.008507,0.000000,0.021289,0.000000,0.000000
12.160000,0.001425,0.909874,0.601341,-1.608295,0.001191,0.000133,-0.000132,-0.007689,0.000000,0.024088,0.000000,0.000000
12.180000,0.001424,0.909874,0.601342,-1.608293,-0.002854,-0.000701,0.000553,0.011803,0.000000,0.026791,0.000000,0.000000
12.200000,0.001426,0.909874,0.601341,-1.608315,-0.000917,-0.000225,0.000141,-0.004947,0.000000,0.029389,0.000000,0.000000
12.220000,0.001424,0.909874,0.601342,-1.608301,-0.002212,-0.000451,0.000386,0.012080,0.000000,0.031871,0.000000,0.000000
12.240000,0.001427,0.909875,0.601341,-1.608321,0.001323,0.000214,-0.000100,-0.005946,0.000000,0.034227,0.000000,0.000000
12.260000,0.001425,0.909875,0.601341,-1.608188,-0.000811,-0.000175,0.000120,-0.002908,0.000000,0.036448,0.000000,0.000000
12.280000,0.001425,0.909875,0.601341,-1.608221,-0.000758,-0.000152,0.000114,-0.003076,0.000000,0.038526,0.000000,0.000000
12.300000,0.001425,0.909875,0.601340,-1.608299,-0.000762,-0.000148,0.000119,-0.004024,0.000000,0.040451,0.000000,0.000000
12.320000,0.001428,0.909876,0.601340,-1.608298,-0.000653,-0.000272,0.000103,-0.007029,0.000000,0.042216,0.000000,0.000000
12.340000,0.001425,0.909875,0.601341,-1.608305,0.000199,0.000015,-0.000155,-0.006644,0.000000,0.043815,0.000000,0.000000
12.360000,0.001428,0.909876,0.601341,-1.608313,-0.000564,-0.000129,0.000077,-0.005958,0.000000,0.045241,0.000000,0.000000
12.380000,0.001425,0.909875,0.601341,-1.608310,0.000273,0.000017,-0.000118,-0.006386,0.000000,0.046489,0.000000,0.000000
12.400000,0.001426,0.909876,0.601340,-1.608323,-0.000638,-0.000125,0.000072,-0.004832,0.000000,0.047553,0.000000,0.000000
12.420000,0.001425,0.909875,0.601341,-1.608312,0.000444,0.000057,-0.000105,-0.006698,0.000000,0.048429,0.000000,0.000000
12.440000,0.001426,0.909876,0.601340,-1.608324,-0.000756,-0.000143,0.000079,-0.004841,0.000000,0.049114,0.000000,0.000000
12.460000,0.001426,0.909876,0.601340,-1.608197,-0.000796,-0.000174,0.000123,-0.002825,0.000000,0.049606,0.000000,0.000000
12.480000,0.001426,0.909876,0.601340,-1.608230,-0.000790,-0.000172,0.000129,-0.003059,0.000000,0.049901,0.000000,0.000000
12.500000,0.001427,0.909876,0.601340,-1.608309,-0.000789,-0.000168,0.000134,-0.004024,0.000000,0.050000,0.000000,0.000000
12.520000,0.001429,0.909876,0.601340,-1.608308,-0.000598,-0.000140,0.000089,-0.006260,0.000000,0.049901,0.000000,0.000000
12.540000,0.001427,0.909876,0.601340,-1.608317,-0.000660,-0.000134,0.000083,-0.005261,0.000000,0.049606,0.000000,0.000000
12.560000,0.001427,0.909876,0.601340,-1.608315,-0.000455,-0.000207,0.000174,0.010366,0.000000,0.049114,0.000000,0.000000
12.580000,0.001428,0.909876,0.601340,-1.608317,0.001540,0.000155,-0.000082,-0.006199,0.000000,0.048429,0.000000,0.000000
12.600000,0.001426,0.909875,0.601341,-1.608305,-0.002174,-0.000438,0.000369,0.012231,0.000000,0.047553,0.000000,0.000000
12.620000,0.001428,0.909876,0.601341,-1.608313,0.000213,0.000082,-0.000130,-0.006482,0.000000,0.046489,0.000000,0.000000
12.640000,0.001428,0.909876,0.601340,-1.608190,-0.000857,-0.000224,0.000155,-0.002774,0.000000,0.045241,0.000000,0.000000
12.660000,0.001428,0.909876,0.601340,-1.608259,-0.000785,-0.000202,0.000146,-0.003364,0.000000,0.043815,0.000000,0.000000
12.680000,0.001428,0.909876,0.601340,-1.608299,0.000782,-0.000053,-0.000031,-0.004156,0.000000,0.042216,0.000000,0.000000
12.700000,0.001428,0.909875,0.601341,-1.608309,0.001463,0.000161,-0.000137,-0.006675,0.000000,0.040451,0.000000,0.000000
12.720000,0.001429,0.909875,0.601341,-1.608324,0.000754,0.000049,-0.000102,-0.004879,0.000000,0.038526,0.000000,0.000000
12.740000,0.001429,0.909875,0.601341,-1.608315,0.001460,0.000162,-0.000136,-0.006055,0.000000,0.036448,0.000000,0.000000
12.760000,0.001429,0.909875,0.601341,-1.608314,0.000348,-0.000139,0.000138,0.011034,0.000000,0.034227,0.000000,0.000000
12.780000,0.001430,0.909875,0.601341,-1.608323,0.001342,0.000217,-0.000100,-0.005819,0.000000,0.031871,0.000000,0.000000
12.800000,0.001428,0.909875,0.601341,-1.608188,-0.000809,-0.000176,0.000122,-0.002882,0.000000,0.029389,0.000000,0.000000
12.820000,0.001428,0.909875,0.601341,-1.608221,-0.000754,-0.000150,0.000112,-0.003053,0.000000,0.026791,0.000000,0.000000
12.840000,0.001429,0.909875,0.601341,-1.608298,0.000592,0.000025,-0.000059,-0.004325,0.000000,0.024088,0.000000,0.000000
12.860000,0.001429,0.909874,0.601342,-1.608308,0.001378,0.000131,-0.000120,-0.006601,0.000000,0.021289,0.000000,0.000000
12.880000,0.001428,0.909874,0.601342,-1.608302,-0.000156,-0.000006,-0.000151,-0.006749,0.000000,0.018406,0.000000,0.000000
12.900000,0.001430,0.909874,0.601342,-1.608321,0.001550,0.000289,-0.000165,-0.005717,0.000000,0.015451,0.000000,0.000000
12.920000,0.001428,0.909873,0.601342,-1.608310,0.000132,-0.000001,-0.000109,-0.006137,0.000000,0.012434,0.000000,0.000000
12.940000,0.001428,0.909873,0.601342,-1.608180,-0.001348,-0.000261,0.000179,-0.002888,0.000000,0.009369,0.000000,0.000000
12.960000,0.001430,0.909873,0.601342,-1.608250,0.001314,0.000192,-0.000107,-0.004267,0.000000,0.006267,0.000000,0.000000
12.980000,0.001429,0.909873,0.601342,-1.608290,-0.000688,-0.000150,0.000116,-0.004000,0.000000,0.003140,0.000000,0.000000
13.000000,0.001429,0.909873,0.601342,-1.608219,-0.000888,-0.000161,0.000129,-0.004575,0.000000,0.000000,0.000000,0.000000
13.020000,0.001430,0.909873,0.601342,-1.608272,0.000621,-0.000015,-0.000049,-0.005453,0.000000,-0.003140,0.000000,0.000000
13.040000,0.001430,0.909873,0.601342,-1.608225,0.000516,0.000010,-0.000070,-0.006122,0.000000,-0.006267,0.000000,0.000000
13.060000,0.001430,0.909873,0.601342,-1.608264,-0.000364,-0.000015,0.000018,-0.009826,0.000000,-0.009369,0.000000,0.000000
13.080000,0.001429,0.909872,0.601343,-1.608282,-0.002773,-0.000688,0.000563,0.010759,0.000000,-0.012434,0.000000,0.000000
13.100000,0.001430,0.909872,0.601343,-1.608302,-0.001091,-0.000159,0.000107,-0.006535,0.000000,-0.015451,0.000000,0.000000
13.120000,0.001429,0.909871,0.601344,-1.608306,0.000338,-0.000176,-0.000017,-0.005765,0.000000,-0.018406,0.000000,0.000000
13.140000,0.001430,0.909871,0.601344,-1.608295,-0.001899,-0.000454,0.000380,0.011648,0.000000,-0.021289,0.000000,0.000000
13.160000,0.001431,0.909871,0.601344,-1.608169,0.000482,0.000511,-0.000275,-0.005240,0.000000,-0.024088,0.000000,0.000000
13.180000,0.001431,0.909871,0.601343,-1.608239,0.000353,-0.000047,-0.000008,-0.003698,0.000000,-0.026791,0.000000,0.000000
13.200000,0.001431,0.909871,0.601343,-1.608280,0.000362,-0.000048,-0.000010,-0.004193,0.000000,-0.029389,0.000000,0.000000
13.220000,0.001431,0.909871,0.601344,-1.608210,0.000345,-0.000051,-0.000032,-0.004768,0.000000,-0.031871,0.000000,0.000000
13.240000,0.001431,0.909871,0.601343,-1.608263,0.000356,-0.000042,-0.000028,-0.005403,0.000000,-0.034227,0.000000,0.000000
13.260000,0.001433,0.909871,0.601344,-1.608283,0.002521,0.000459,-0.000122,0.009686,0.000000,-0.036448,0.000000,0.000000
13.280000,0.001431,0.909870,0.601344,-1.608309,0.000994,0.000135,-0.000072,-0.006532,0.000000,-0.038526,0.000000,0.000000
13.300000,0.001431,0.909870,0.601344,-1.608306,0.000804,0.000034,-0.000050,-0.006300,0.000000,-0.040451,0.000000,0.000000
13.320000,0.001430,0.909870,0.601345,-1.608313,-0.000732,-0.000130,0.000073,-0.004880,0.000000,-0.042216,0.000000,0.000000
13.340000,0.001430,0.909870,0.601345,-1.608297,-0.001819,-0.000414,0.000348,0.011887,0.000000,-0.043815,0.000000,0.000000
13.360000,0.001431,0.909870,0.601345,-1.608299,-0.001884,-0.000486,0.000398,0.012535,0.000000,-0.045241,0.000000,0.000000
13.380000,0.001431,0.909870,0.601345,-1.608213,0.000269,-0.000055,-0.000001,-0.003268,0.000000,-0.046489,0.000000,0.000000
13.400000,0.001432,0.909870,0.601344,-1.608249,0.000744,0.000093,-0.000048,-0.004068,0.000000,-0.047553,0.000000,0.000000
13.420000,0.001432,0.909870,0.601345,-1.608285,0.002495,0.000390,-0.000050,0.010411,0.000000,-0.048429,0.000000,0.000000
13.440000,0.001431,0.909869,0.601345,-1.608302,0.000912,0.000051,-0.000064,-0.006524,0.000000,-0.049114,0.000000,0.000000
13.460000,0.001430,0.909869,0.601345,-1.608293,-0.002769,-0.000657,0.000514,0.012488,0.000000,-0.049606,0.000000,0.000000
